Year,Electoral college vote count,State,Census year reference,Census population
1792,0,Alabama,1790,0
1796,0,Alabama,1790,0
1800,0,Alabama,1790,0
1804,0,Alabama,1800,1250
1808,0,Alabama,1800,1250
1812,0,Alabama,1810,9046
1816,0,Alabama,1810,9046
1820,3,Alabama,1810,9046
1824,5,Alabama,1820,127901
1828,5,Alabama,1820,127901
1832,7,Alabama,1830,309527
1836,7,Alabama,1830,309527
1840,7,Alabama,1830,309527
1844,9,Alabama,1840,590756
1848,9,Alabama,1840,590756
1852,9,Alabama,1850,771623
1856,9,Alabama,1850,771623
1860,9,Alabama,1850,771623
1864,0,Alabama,1860,964201
1868,8,Alabama,1860,964201
1872,10,Alabama,1870,996992
1876,10,Alabama,1870,996992
1880,10,Alabama,1870,996992
1884,10,Alabama,1880,1262505
1888,10,Alabama,1880,1262505
1892,11,Alabama,1890,1513017
1896,11,Alabama,1890,1513017
1900,11,Alabama,1890,1513017
1904,11,Alabama,1900,1828697
1908,11,Alabama,1900,1828697
1912,12,Alabama,1910,2138093
1916,12,Alabama,1910,2138093
1920,12,Alabama,1910,2138093
1924,12,Alabama,1920,2348174
1928,12,Alabama,1920,2348174
1932,11,Alabama,1930,2646248
1936,11,Alabama,1930,2646248
1940,11,Alabama,1930,2646248
1944,11,Alabama,1940,2832961
1948,11,Alabama,1940,2832961
1952,11,Alabama,1950,3061743
1956,11,Alabama,1950,3061743
1960,11,Alabama,1950,3061743
1964,10,Alabama,1960,3266740
1968,10,Alabama,1960,3266740
1972,9,Alabama,1970,3444165
1976,9,Alabama,1970,3444165
1980,9,Alabama,1970,3444165
1984,9,Alabama,1980,3893888
1988,9,Alabama,1980,3893888
1992,9,Alabama,1990,4040587
1996,9,Alabama,1990,4040587
2000,9,Alabama,1990,4040587
2004,9,Alabama,2000,4447100
2008,9,Alabama,2000,4447100
2012,9,Alabama,2010,4779736
2016,9,Alabama,2010,4779736
2020,9,Alabama,2010,4779736
1792,0,Alaska,1790,0
1796,0,Alaska,1790,0
1800,0,Alaska,1790,0
1804,0,Alaska,1800,0
1808,0,Alaska,1800,0
1812,0,Alaska,1810,0
1816,0,Alaska,1810,0
1820,0,Alaska,1810,0
1824,0,Alaska,1820,0
1828,0,Alaska,1820,0
1832,0,Alaska,1830,0
1836,0,Alaska,1830,0
1840,0,Alaska,1830,0
1844,0,Alaska,1840,0
1848,0,Alaska,1840,0
1852,0,Alaska,1850,0
1856,0,Alaska,1850,0
1860,0,Alaska,1850,0
1864,0,Alaska,1860,0
1868,0,Alaska,1860,0
1872,0,Alaska,1870,0
1876,0,Alaska,1870,0
1880,0,Alaska,1870,0
1884,0,Alaska,1880,0
1888,0,Alaska,1880,0
1892,0,Alaska,1890,33426
1896,0,Alaska,1890,33426
1900,0,Alaska,1890,33426
1904,0,Alaska,1900,32052
1908,0,Alaska,1900,32052
1912,0,Alaska,1910,64356
1916,0,Alaska,1910,64356
1920,0,Alaska,1910,64356
1924,0,Alaska,1920,55036
1928,0,Alaska,1920,55036
1932,0,Alaska,1930,59278
1936,0,Alaska,1930,59278
1940,0,Alaska,1930,59278
1944,0,Alaska,1940,72524
1948,0,Alaska,1940,72524
1952,0,Alaska,1950,128643
1956,0,Alaska,1950,128643
1960,3,Alaska,1950,128643
1964,3,Alaska,1960,226167
1968,3,Alaska,1960,226167
1972,3,Alaska,1970,300382
1976,3,Alaska,1970,300382
1980,3,Alaska,1970,300382
1984,3,Alaska,1980,401851
1988,3,Alaska,1980,401851
1992,3,Alaska,1990,550043
1996,3,Alaska,1990,550043
2000,3,Alaska,1990,550043
2004,3,Alaska,2000,626932
2008,3,Alaska,2000,626932
2012,3,Alaska,2010,710231
2016,3,Alaska,2010,710231
2020,3,Alaska,2010,710231
1792,0,Arizona,1790,0
1796,0,Arizona,1790,0
1800,0,Arizona,1790,0
1804,0,Arizona,1800,0
1808,0,Arizona,1800,0
1812,0,Arizona,1810,0
1816,0,Arizona,1810,0
1820,0,Arizona,1810,0
1824,0,Arizona,1820,0
1828,0,Arizona,1820,0
1832,0,Arizona,1830,0
1836,0,Arizona,1830,0
1840,0,Arizona,1830,0
1844,0,Arizona,1840,0
1848,0,Arizona,1840,0
1852,0,Arizona,1850,0
1856,0,Arizona,1850,0
1860,0,Arizona,1850,0
1864,0,Arizona,1860,0
1868,0,Arizona,1860,0
1872,0,Arizona,1870,9658
1876,0,Arizona,1870,9658
1880,0,Arizona,1870,9658
1884,0,Arizona,1880,40440
1888,0,Arizona,1880,40440
1892,0,Arizona,1890,88243
1896,0,Arizona,1890,88243
1900,0,Arizona,1890,88243
1904,0,Arizona,1900,122931
1908,0,Arizona,1900,122931
1912,3,Arizona,1910,204354
1916,3,Arizona,1910,204354
1920,3,Arizona,1910,204354
1924,3,Arizona,1920,334162
1928,3,Arizona,1920,334162
1932,3,Arizona,1930,435573
1936,3,Arizona,1930,435573
1940,3,Arizona,1930,435573
1944,4,Arizona,1940,499261
1948,4,Arizona,1940,499261
1952,4,Arizona,1950,749587
1956,4,Arizona,1950,749587
1960,4,Arizona,1950,749587
1964,5,Arizona,1960,1302161
1968,5,Arizona,1960,1302161
1972,6,Arizona,1970,1770900
1976,6,Arizona,1970,1770900
1980,6,Arizona,1970,1770900
1984,7,Arizona,1980,2718215
1988,7,Arizona,1980,2718215
1992,8,Arizona,1990,3665228
1996,8,Arizona,1990,3665228
2000,8,Arizona,1990,3665228
2004,10,Arizona,2000,5130632
2008,10,Arizona,2000,5130632
2012,11,Arizona,2010,6392017
2016,11,Arizona,2010,6392017
2020,11,Arizona,2010,6392017
1792,0,Arkansas,1790,0
1796,0,Arkansas,1790,0
1800,0,Arkansas,1790,0
1804,0,Arkansas,1800,0
1808,0,Arkansas,1800,0
1812,0,Arkansas,1810,1062
1816,0,Arkansas,1810,1062
1820,0,Arkansas,1810,1062
1824,0,Arkansas,1820,14273
1828,0,Arkansas,1820,14273
1832,0,Arkansas,1830,30388
1836,3,Arkansas,1830,30388
1840,3,Arkansas,1830,30388
1844,3,Arkansas,1840,97574
1848,3,Arkansas,1840,97574
1852,4,Arkansas,1850,209897
1856,4,Arkansas,1850,209897
1860,4,Arkansas,1850,209897
1864,0,Arkansas,1860,435450
1868,5,Arkansas,1860,435450
1872,6,Arkansas,1870,484471
1876,6,Arkansas,1870,484471
1880,6,Arkansas,1870,484471
1884,7,Arkansas,1880,802525
1888,7,Arkansas,1880,802525
1892,8,Arkansas,1890,1128211
1896,8,Arkansas,1890,1128211
1900,8,Arkansas,1890,1128211
1904,9,Arkansas,1900,1311564
1908,9,Arkansas,1900,1311564
1912,9,Arkansas,1910,1574449
1916,9,Arkansas,1910,1574449
1920,9,Arkansas,1910,1574449
1924,9,Arkansas,1920,1752204
1928,9,Arkansas,1920,1752204
1932,9,Arkansas,1930,1854482
1936,9,Arkansas,1930,1854482
1940,9,Arkansas,1930,1854482
1944,9,Arkansas,1940,1949387
1948,9,Arkansas,1940,1949387
1952,8,Arkansas,1950,1909511
1956,8,Arkansas,1950,1909511
1960,8,Arkansas,1950,1909511
1964,6,Arkansas,1960,1786272
1968,6,Arkansas,1960,1786272
1972,6,Arkansas,1970,1923295
1976,6,Arkansas,1970,1923295
1980,6,Arkansas,1970,1923295
1984,6,Arkansas,1980,2286435
1988,6,Arkansas,1980,2286435
1992,6,Arkansas,1990,2350725
1996,6,Arkansas,1990,2350725
2000,6,Arkansas,1990,2350725
2004,6,Arkansas,2000,2673400
2008,6,Arkansas,2000,2673400
2012,6,Arkansas,2010,2915918
2016,6,Arkansas,2010,2915918
2020,6,Arkansas,2010,2915918
1792,0,California,1790,0
1796,0,California,1790,0
1800,0,California,1790,0
1804,0,California,1800,0
1808,0,California,1800,0
1812,0,California,1810,0
1816,0,California,1810,0
1820,0,California,1810,0
1824,0,California,1820,0
1828,0,California,1820,0
1832,0,California,1830,0
1836,0,California,1830,0
1840,0,California,1830,0
1844,0,California,1840,0
1848,0,California,1840,0
1852,4,California,1850,92597
1856,4,California,1850,92597
1860,4,California,1850,92597
1864,5,California,1860,379994
1868,5,California,1860,379994
1872,6,California,1870,560247
1876,6,California,1870,560247
1880,6,California,1870,560247
1884,8,California,1880,864694
1888,8,California,1880,864694
1892,9,California,1890,1213398
1896,9,California,1890,1213398
1900,9,California,1890,1213398
1904,10,California,1900,1485053
1908,10,California,1900,1485053
1912,13,California,1910,2377549
1916,13,California,1910,2377549
1920,13,California,1910,2377549
1924,13,California,1920,3426861
1928,13,California,1920,3426861
1932,22,California,1930,5677251
1936,22,California,1930,5677251
1940,22,California,1930,5677251
1944,25,California,1940,6907387
1948,25,California,1940,6907387
1952,32,California,1950,10586223
1956,32,California,1950,10586223
1960,32,California,1950,10586223
1964,40,California,1960,15717204
1968,40,California,1960,15717204
1972,45,California,1970,19953134
1976,45,California,1970,19953134
1980,45,California,1970,19953134
1984,47,California,1980,23667902
1988,47,California,1980,23667902
1992,54,California,1990,29760021
1996,54,California,1990,29760021
2000,54,California,1990,29760021
2004,55,California,2000,33871648
2008,55,California,2000,33871648
2012,55,California,2010,37253956
2016,55,California,2010,37253956
2020,55,California,2010,37253956
1792,0,Colorado,1790,0
1796,0,Colorado,1790,0
1800,0,Colorado,1790,0
1804,0,Colorado,1800,0
1808,0,Colorado,1800,0
1812,0,Colorado,1810,0
1816,0,Colorado,1810,0
1820,0,Colorado,1810,0
1824,0,Colorado,1820,0
1828,0,Colorado,1820,0
1832,0,Colorado,1830,0
1836,0,Colorado,1830,0
1840,0,Colorado,1830,0
1844,0,Colorado,1840,0
1848,0,Colorado,1840,0
1852,0,Colorado,1850,0
1856,0,Colorado,1850,0
1860,0,Colorado,1850,0
1864,0,Colorado,1860,34277
1868,0,Colorado,1860,34277
1872,0,Colorado,1870,39864
1876,3,Colorado,1870,39864
1880,3,Colorado,1870,39864
1884,3,Colorado,1880,194327
1888,3,Colorado,1880,194327
1892,4,Colorado,1890,413249
1896,4,Colorado,1890,413249
1900,4,Colorado,1890,413249
1904,5,Colorado,1900,539700
1908,5,Colorado,1900,539700
1912,6,Colorado,1910,799024
1916,6,Colorado,1910,799024
1920,6,Colorado,1910,799024
1924,6,Colorado,1920,939629
1928,6,Colorado,1920,939629
1932,6,Colorado,1930,1035791
1936,6,Colorado,1930,1035791
1940,6,Colorado,1930,1035791
1944,6,Colorado,1940,1123296
1948,6,Colorado,1940,1123296
1952,6,Colorado,1950,1325089
1956,6,Colorado,1950,1325089
1960,6,Colorado,1950,1325089
1964,6,Colorado,1960,1753947
1968,6,Colorado,1960,1753947
1972,7,Colorado,1970,2207259
1976,7,Colorado,1970,2207259
1980,7,Colorado,1970,2207259
1984,8,Colorado,1980,2889964
1988,8,Colorado,1980,2889964
1992,8,Colorado,1990,3294394
1996,8,Colorado,1990,3294394
2000,8,Colorado,1990,3294394
2004,9,Colorado,2000,4301261
2008,9,Colorado,2000,4301261
2012,9,Colorado,2010,5029196
2016,9,Colorado,2010,5029196
2020,9,Colorado,2010,5029196
1792,9,Connecticut,1790,237946
1796,9,Connecticut,1790,237946
1800,9,Connecticut,1790,237946
1804,9,Connecticut,1800,251002
1808,9,Connecticut,1800,251002
1812,9,Connecticut,1810,262042
1816,9,Connecticut,1810,262042
1820,9,Connecticut,1810,262042
1824,8,Connecticut,1820,275202
1828,8,Connecticut,1820,275202
1832,8,Connecticut,1830,297675
1836,8,Connecticut,1830,297675
1840,8,Connecticut,1830,297675
1844,6,Connecticut,1840,309978
1848,6,Connecticut,1840,309978
1852,6,Connecticut,1850,370792
1856,6,Connecticut,1850,370792
1860,6,Connecticut,1850,370792
1864,6,Connecticut,1860,460147
1868,6,Connecticut,1860,460147
1872,6,Connecticut,1870,537454
1876,6,Connecticut,1870,537454
1880,6,Connecticut,1870,537454
1884,6,Connecticut,1880,622700
1888,6,Connecticut,1880,622700
1892,6,Connecticut,1890,746258
1896,6,Connecticut,1890,746258
1900,6,Connecticut,1890,746258
1904,7,Connecticut,1900,908420
1908,7,Connecticut,1900,908420
1912,7,Connecticut,1910,1114756
1916,7,Connecticut,1910,1114756
1920,7,Connecticut,1910,1114756
1924,7,Connecticut,1920,1380631
1928,7,Connecticut,1920,1380631
1932,8,Connecticut,1930,1606903
1936,8,Connecticut,1930,1606903
1940,8,Connecticut,1930,1606903
1944,8,Connecticut,1940,1709242
1948,8,Connecticut,1940,1709242
1952,8,Connecticut,1950,2007280
1956,8,Connecticut,1950,2007280
1960,8,Connecticut,1950,2007280
1964,8,Connecticut,1960,2535234
1968,8,Connecticut,1960,2535234
1972,8,Connecticut,1970,3031709
1976,8,Connecticut,1970,3031709
1980,8,Connecticut,1970,3031709
1984,8,Connecticut,1980,3107576
1988,8,Connecticut,1980,3107576
1992,8,Connecticut,1990,3287116
1996,8,Connecticut,1990,3287116
2000,8,Connecticut,1990,3287116
2004,7,Connecticut,2000,3405565
2008,7,Connecticut,2000,3405565
2012,7,Connecticut,2010,3574097
2016,7,Connecticut,2010,3574097
2020,7,Connecticut,2010,3574097
1792,3,Delaware,1790,59096
1796,3,Delaware,1790,59096
1800,3,Delaware,1790,59096
1804,3,Delaware,1800,64273
1808,3,Delaware,1800,64273
1812,4,Delaware,1810,72674
1816,4,Delaware,1810,72674
1820,4,Delaware,1810,72674
1824,3,Delaware,1820,72749
1828,3,Delaware,1820,72749
1832,3,Delaware,1830,76748
1836,3,Delaware,1830,76748
1840,3,Delaware,1830,76748
1844,3,Delaware,1840,78085
1848,3,Delaware,1840,78085
1852,3,Delaware,1850,91532
1856,3,Delaware,1850,91532
1860,3,Delaware,1850,91532
1864,3,Delaware,1860,112216
1868,3,Delaware,1860,112216
1872,3,Delaware,1870,125015
1876,3,Delaware,1870,125015
1880,3,Delaware,1870,125015
1884,3,Delaware,1880,146608
1888,3,Delaware,1880,146608
1892,3,Delaware,1890,168493
1896,3,Delaware,1890,168493
1900,3,Delaware,1890,168493
1904,3,Delaware,1900,184735
1908,3,Delaware,1900,184735
1912,3,Delaware,1910,202322
1916,3,Delaware,1910,202322
1920,3,Delaware,1910,202322
1924,3,Delaware,1920,223003
1928,3,Delaware,1920,223003
1932,3,Delaware,1930,238380
1936,3,Delaware,1930,238380
1940,3,Delaware,1930,238380
1944,3,Delaware,1940,266505
1948,3,Delaware,1940,266505
1952,3,Delaware,1950,318085
1956,3,Delaware,1950,318085
1960,3,Delaware,1950,318085
1964,3,Delaware,1960,446292
1968,3,Delaware,1960,446292
1972,3,Delaware,1970,548104
1976,3,Delaware,1970,548104
1980,3,Delaware,1970,548104
1984,3,Delaware,1980,594338
1988,3,Delaware,1980,594338
1992,3,Delaware,1990,666168
1996,3,Delaware,1990,666168
2000,3,Delaware,1990,666168
2004,3,Delaware,2000,783600
2008,3,Delaware,2000,783600
2012,3,Delaware,2010,897934
2016,3,Delaware,2010,897934
2020,3,Delaware,2010,897934
1792,0,Florida,1790,0
1796,0,Florida,1790,0
1800,0,Florida,1790,0
1804,0,Florida,1800,0
1808,0,Florida,1800,0
1812,0,Florida,1810,0
1816,0,Florida,1810,0
1820,0,Florida,1810,0
1824,0,Florida,1820,0
1828,0,Florida,1820,0
1832,0,Florida,1830,34730
1836,0,Florida,1830,34730
1840,0,Florida,1830,34730
1844,0,Florida,1840,54477
1848,3,Florida,1840,54477
1852,3,Florida,1850,87445
1856,3,Florida,1850,87445
1860,3,Florida,1850,87445
1864,0,Florida,1860,140424
1868,3,Florida,1860,140424
1872,4,Florida,1870,187748
1876,4,Florida,1870,187748
1880,4,Florida,1870,187748
1884,4,Florida,1880,269493
1888,4,Florida,1880,269493
1892,4,Florida,1890,391422
1896,4,Florida,1890,391422
1900,4,Florida,1890,391422
1904,5,Florida,1900,528542
1908,5,Florida,1900,528542
1912,6,Florida,1910,752619
1916,6,Florida,1910,752619
1920,6,Florida,1910,752619
1924,6,Florida,1920,968470
1928,6,Florida,1920,968470
1932,7,Florida,1930,1468211
1936,7,Florida,1930,1468211
1940,7,Florida,1930,1468211
1944,8,Florida,1940,1897414
1948,8,Florida,1940,1897414
1952,10,Florida,1950,2771305
1956,10,Florida,1950,2771305
1960,10,Florida,1950,2771305
1964,14,Florida,1960,4951560
1968,14,Florida,1960,4951560
1972,17,Florida,1970,6789443
1976,17,Florida,1970,6789443
1980,17,Florida,1970,6789443
1984,21,Florida,1980,9746324
1988,21,Florida,1980,9746324
1992,25,Florida,1990,12937926
1996,25,Florida,1990,12937926
2000,25,Florida,1990,12937926
2004,27,Florida,2000,15982378
2008,27,Florida,2000,15982378
2012,29,Florida,2010,18801310
2016,29,Florida,2010,18801310
2020,29,Florida,2010,18801310
1792,0,Hawaii,1790,0
1796,0,Hawaii,1790,0
1800,0,Hawaii,1790,0
1804,0,Hawaii,1800,0
1808,0,Hawaii,1800,0
1812,0,Hawaii,1810,0
1816,0,Hawaii,1810,0
1820,0,Hawaii,1810,0
1824,0,Hawaii,1820,0
1828,0,Hawaii,1820,0
1832,0,Hawaii,1830,0
1836,0,Hawaii,1830,0
1840,0,Hawaii,1830,0
1844,0,Hawaii,1840,0
1848,0,Hawaii,1840,0
1852,0,Hawaii,1850,0
1856,0,Hawaii,1850,0
1860,0,Hawaii,1850,0
1864,0,Hawaii,1860,0
1868,0,Hawaii,1860,0
1872,0,Hawaii,1870,0
1876,0,Hawaii,1870,0
1880,0,Hawaii,1870,0
1884,0,Hawaii,1880,0
1888,0,Hawaii,1880,0
1892,0,Hawaii,1890,0
1896,0,Hawaii,1890,0
1900,0,Hawaii,1890,0
1904,0,Hawaii,1900,154001
1908,0,Hawaii,1900,154001
1912,0,Hawaii,1910,191909
1916,0,Hawaii,1910,191909
1920,0,Hawaii,1910,191909
1924,0,Hawaii,1920,255912
1928,0,Hawaii,1920,255912
1932,0,Hawaii,1930,368336
1936,0,Hawaii,1930,368336
1940,0,Hawaii,1930,368336
1944,0,Hawaii,1940,423330
1948,0,Hawaii,1940,423330
1952,0,Hawaii,1950,499794
1956,0,Hawaii,1950,499794
1960,3,Hawaii,1950,499794
1964,4,Hawaii,1960,632772
1968,4,Hawaii,1960,632772
1972,4,Hawaii,1970,768561
1976,4,Hawaii,1970,768561
1980,4,Hawaii,1970,768561
1984,4,Hawaii,1980,964691
1988,4,Hawaii,1980,964691
1992,4,Hawaii,1990,1108229
1996,4,Hawaii,1990,1108229
2000,4,Hawaii,1990,1108229
2004,4,Hawaii,2000,1211537
2008,4,Hawaii,2000,1211537
2012,4,Hawaii,2010,1360301
2016,4,Hawaii,2010,1360301
2020,4,Hawaii,2010,1360301
1792,0,Idaho,1790,0
1796,0,Idaho,1790,0
1800,0,Idaho,1790,0
1804,0,Idaho,1800,0
1808,0,Idaho,1800,0
1812,0,Idaho,1810,0
1816,0,Idaho,1810,0
1820,0,Idaho,1810,0
1824,0,Idaho,1820,0
1828,0,Idaho,1820,0
1832,0,Idaho,1830,0
1836,0,Idaho,1830,0
1840,0,Idaho,1830,0
1844,0,Idaho,1840,0
1848,0,Idaho,1840,0
1852,0,Idaho,1850,0
1856,0,Idaho,1850,0
1860,0,Idaho,1850,0
1864,0,Idaho,1860,0
1868,0,Idaho,1860,0
1872,0,Idaho,1870,14999
1876,0,Idaho,1870,14999
1880,0,Idaho,1870,14999
1884,0,Idaho,1880,32610
1888,0,Idaho,1880,32610
1892,3,Idaho,1890,88548
1896,3,Idaho,1890,88548
1900,3,Idaho,1890,88548
1904,3,Idaho,1900,161772
1908,3,Idaho,1900,161772
1912,4,Idaho,1910,325594
1916,4,Idaho,1910,325594
1920,4,Idaho,1910,325594
1924,4,Idaho,1920,431866
1928,4,Idaho,1920,431866
1932,4,Idaho,1930,445032
1936,4,Idaho,1930,445032
1940,4,Idaho,1930,445032
1944,4,Idaho,1940,524873
1948,4,Idaho,1940,524873
1952,4,Idaho,1950,588637
1956,4,Idaho,1950,588637
1960,4,Idaho,1950,588637
1964,4,Idaho,1960,667191
1968,4,Idaho,1960,667191
1972,4,Idaho,1970,712567
1976,4,Idaho,1970,712567
1980,4,Idaho,1970,712567
1984,4,Idaho,1980,943935
1988,4,Idaho,1980,943935
1992,4,Idaho,1990,1006749
1996,4,Idaho,1990,1006749
2000,4,Idaho,1990,1006749
2004,4,Idaho,2000,1293953
2008,4,Idaho,2000,1293953
2012,4,Idaho,2010,1567582
2016,4,Idaho,2010,1567582
2020,4,Idaho,2010,1567582
1792,0,Illinois,1790,0
1796,0,Illinois,1790,0
1800,0,Illinois,1790,0
1804,0,Illinois,1800,2458
1808,0,Illinois,1800,2458
1812,0,Illinois,1810,12282
1816,0,Illinois,1810,12282
1820,3,Illinois,1810,12282
1824,3,Illinois,1820,55211
1828,3,Illinois,1820,55211
1832,5,Illinois,1830,157445
1836,5,Illinois,1830,157445
1840,5,Illinois,1830,157445
1844,9,Illinois,1840,476183
1848,9,Illinois,1840,476183
1852,11,Illinois,1850,851470
1856,11,Illinois,1850,851470
1860,11,Illinois,1850,851470
1864,16,Illinois,1860,1711951
1868,16,Illinois,1860,1711951
1872,21,Illinois,1870,2539891
1876,21,Illinois,1870,2539891
1880,21,Illinois,1870,2539891
1884,22,Illinois,1880,3077871
1888,22,Illinois,1880,3077871
1892,24,Illinois,1890,3826351
1896,24,Illinois,1890,3826351
1900,24,Illinois,1890,3826351
1904,27,Illinois,1900,4821550
1908,27,Illinois,1900,4821550
1912,29,Illinois,1910,5638591
1916,29,Illinois,1910,5638591
1920,29,Illinois,1910,5638591
1924,29,Illinois,1920,6485280
1928,29,Illinois,1920,6485280
1932,29,Illinois,1930,7630654
1936,29,Illinois,1930,7630654
1940,29,Illinois,1930,7630654
1944,28,Illinois,1940,7897241
1948,28,Illinois,1940,7897241
1952,27,Illinois,1950,8712176
1956,27,Illinois,1950,8712176
1960,27,Illinois,1950,8712176
1964,26,Illinois,1960,10081158
1968,26,Illinois,1960,10081158
1972,26,Illinois,1970,11113976
1976,26,Illinois,1970,11113976
1980,26,Illinois,1970,11113976
1984,24,Illinois,1980,11426518
1988,24,Illinois,1980,11426518
1992,22,Illinois,1990,11430602
1996,22,Illinois,1990,11430602
2000,22,Illinois,1990,11430602
2004,21,Illinois,2000,12419293
2008,21,Illinois,2000,12419293
2012,20,Illinois,2010,12830632
2016,20,Illinois,2010,12830632
2020,20,Illinois,2010,12830632
1792,0,Indiana,1790,0
1796,0,Indiana,1790,0
1800,0,Indiana,1790,0
1804,0,Indiana,1800,2632
1808,0,Indiana,1800,2632
1812,0,Indiana,1810,24520
1816,3,Indiana,1810,24520
1820,3,Indiana,1810,24520
1824,5,Indiana,1820,147178
1828,5,Indiana,1820,147178
1832,9,Indiana,1830,343031
1836,9,Indiana,1830,343031
1840,9,Indiana,1830,343031
1844,12,Indiana,1840,685866
1848,12,Indiana,1840,685866
1852,13,Indiana,1850,988416
1856,13,Indiana,1850,988416
1860,13,Indiana,1850,988416
1864,13,Indiana,1860,1350428
1868,13,Indiana,1860,1350428
1872,15,Indiana,1870,1680637
1876,15,Indiana,1870,1680637
1880,15,Indiana,1870,1680637
1884,15,Indiana,1880,1978301
1888,15,Indiana,1880,1978301
1892,15,Indiana,1890,2192404
1896,15,Indiana,1890,2192404
1900,15,Indiana,1890,2192404
1904,15,Indiana,1900,2516462
1908,15,Indiana,1900,2516462
1912,15,Indiana,1910,2700876
1916,15,Indiana,1910,2700876
1920,15,Indiana,1910,2700876
1924,15,Indiana,1920,2930390
1928,15,Indiana,1920,2930390
1932,14,Indiana,1930,3238503
1936,14,Indiana,1930,3238503
1940,14,Indiana,1930,3238503
1944,13,Indiana,1940,3427796
1948,13,Indiana,1940,3427796
1952,13,Indiana,1950,3934224
1956,13,Indiana,1950,3934224
1960,13,Indiana,1950,3934224
1964,13,Indiana,1960,4662498
1968,13,Indiana,1960,4662498
1972,13,Indiana,1970,5193669
1976,13,Indiana,1970,5193669
1980,13,Indiana,1970,5193669
1984,12,Indiana,1980,5490224
1988,12,Indiana,1980,5490224
1992,12,Indiana,1990,5544159
1996,12,Indiana,1990,5544159
2000,12,Indiana,1990,5544159
2004,11,Indiana,2000,6080485
2008,11,Indiana,2000,6080485
2012,11,Indiana,2010,6483802
2016,11,Indiana,2010,6483802
2020,11,Indiana,2010,6483802
1792,0,Iowa,1790,0
1796,0,Iowa,1790,0
1800,0,Iowa,1790,0
1804,0,Iowa,1800,0
1808,0,Iowa,1800,0
1812,0,Iowa,1810,0
1816,0,Iowa,1810,0
1820,0,Iowa,1810,0
1824,0,Iowa,1820,0
1828,0,Iowa,1820,0
1832,0,Iowa,1830,0
1836,0,Iowa,1830,0
1840,0,Iowa,1830,0
1844,0,Iowa,1840,43112
1848,4,Iowa,1840,43112
1852,4,Iowa,1850,192214
1856,4,Iowa,1850,192214
1860,4,Iowa,1850,192214
1864,8,Iowa,1860,674913
1868,8,Iowa,1860,674913
1872,11,Iowa,1870,1194020
1876,11,Iowa,1870,1194020
1880,11,Iowa,1870,1194020
1884,13,Iowa,1880,1624615
1888,13,Iowa,1880,1624615
1892,13,Iowa,1890,1912297
1896,13,Iowa,1890,1912297
1900,13,Iowa,1890,1912297
1904,13,Iowa,1900,2231853
1908,13,Iowa,1900,2231853
1912,13,Iowa,1910,2224771
1916,13,Iowa,1910,2224771
1920,13,Iowa,1910,2224771
1924,13,Iowa,1920,2404021
1928,13,Iowa,1920,2404021
1932,11,Iowa,1930,2470939
1936,11,Iowa,1930,2470939
1940,11,Iowa,1930,2470939
1944,10,Iowa,1940,2538268
1948,10,Iowa,1940,2538268
1952,10,Iowa,1950,2621073
1956,10,Iowa,1950,2621073
1960,10,Iowa,1950,2621073
1964,9,Iowa,1960,2757537
1968,9,Iowa,1960,2757537
1972,8,Iowa,1970,2824376
1976,8,Iowa,1970,2824376
1980,8,Iowa,1970,2824376
1984,8,Iowa,1980,2913808
1988,8,Iowa,1980,2913808
1992,7,Iowa,1990,2776755
1996,7,Iowa,1990,2776755
2000,7,Iowa,1990,2776755
2004,7,Iowa,2000,2926324
2008,7,Iowa,2000,2926324
2012,6,Iowa,2010,3046355
2016,6,Iowa,2010,3046355
2020,6,Iowa,2010,3046355
1792,0,Kansas,1790,0
1796,0,Kansas,1790,0
1800,0,Kansas,1790,0
1804,0,Kansas,1800,0
1808,0,Kansas,1800,0
1812,0,Kansas,1810,0
1816,0,Kansas,1810,0
1820,0,Kansas,1810,0
1824,0,Kansas,1820,0
1828,0,Kansas,1820,0
1832,0,Kansas,1830,0
1836,0,Kansas,1830,0
1840,0,Kansas,1830,0
1844,0,Kansas,1840,0
1848,0,Kansas,1840,0
1852,0,Kansas,1850,0
1856,0,Kansas,1850,0
1860,0,Kansas,1850,0
1864,3,Kansas,1860,107206
1868,3,Kansas,1860,107206
1872,5,Kansas,1870,364399
1876,5,Kansas,1870,364399
1880,5,Kansas,1870,364399
1884,9,Kansas,1880,996096
1888,9,Kansas,1880,996096
1892,10,Kansas,1890,1428108
1896,10,Kansas,1890,1428108
1900,10,Kansas,1890,1428108
1904,10,Kansas,1900,1470495
1908,10,Kansas,1900,1470495
1912,10,Kansas,1910,1690949
1916,10,Kansas,1910,1690949
1920,10,Kansas,1910,1690949
1924,10,Kansas,1920,1769257
1928,10,Kansas,1920,1769257
1932,9,Kansas,1930,1880999
1936,9,Kansas,1930,1880999
1940,9,Kansas,1930,1880999
1944,8,Kansas,1940,1801028
1948,8,Kansas,1940,1801028
1952,8,Kansas,1950,1905299
1956,8,Kansas,1950,1905299
1960,8,Kansas,1950,1905299
1964,7,Kansas,1960,2178611
1968,7,Kansas,1960,2178611
1972,7,Kansas,1970,2246578
1976,7,Kansas,1970,2246578
1980,7,Kansas,1970,2246578
1984,7,Kansas,1980,2363679
1988,7,Kansas,1980,2363679
1992,6,Kansas,1990,2477574
1996,6,Kansas,1990,2477574
2000,6,Kansas,1990,2477574
2004,6,Kansas,2000,2688418
2008,6,Kansas,2000,2688418
2012,6,Kansas,2010,2853118
2016,6,Kansas,2010,2853118
2020,6,Kansas,2010,2853118
1792,4,Kentucky,1790,73677
1796,4,Kentucky,1790,73677
1800,4,Kentucky,1790,73677
1804,8,Kentucky,1800,220959
1808,8,Kentucky,1800,220959
1812,12,Kentucky,1810,406511
1816,12,Kentucky,1810,406511
1820,12,Kentucky,1810,406511
1824,14,Kentucky,1820,564317
1828,14,Kentucky,1820,564317
1832,15,Kentucky,1830,687917
1836,15,Kentucky,1830,687917
1840,15,Kentucky,1830,687917
1844,12,Kentucky,1840,779828
1848,12,Kentucky,1840,779828
1852,12,Kentucky,1850,982405
1856,12,Kentucky,1850,982405
1860,12,Kentucky,1850,982405
1864,11,Kentucky,1860,1155684
1868,11,Kentucky,1860,1155684
1872,12,Kentucky,1870,1321011
1876,12,Kentucky,1870,1321011
1880,12,Kentucky,1870,1321011
1884,13,Kentucky,1880,1648690
1888,13,Kentucky,1880,1648690
1892,13,Kentucky,1890,1858635
1896,13,Kentucky,1890,1858635
1900,13,Kentucky,1890,1858635
1904,13,Kentucky,1900,2147174
1908,13,Kentucky,1900,2147174
1912,13,Kentucky,1910,2289905
1916,13,Kentucky,1910,2289905
1920,13,Kentucky,1910,2289905
1924,13,Kentucky,1920,2416630
1928,13,Kentucky,1920,2416630
1932,11,Kentucky,1930,2614589
1936,11,Kentucky,1930,2614589
1940,11,Kentucky,1930,2614589
1944,11,Kentucky,1940,2845627
1948,11,Kentucky,1940,2845627
1952,10,Kentucky,1950,2944806
1956,10,Kentucky,1950,2944806
1960,10,Kentucky,1950,2944806
1964,9,Kentucky,1960,3038156
1968,9,Kentucky,1960,3038156
1972,9,Kentucky,1970,3218706
1976,9,Kentucky,1970,3218706
1980,9,Kentucky,1970,3218706
1984,9,Kentucky,1980,3660777
1988,9,Kentucky,1980,3660777
1992,8,Kentucky,1990,3685296
1996,8,Kentucky,1990,3685296
2000,8,Kentucky,1990,3685296
2004,8,Kentucky,2000,4041769
2008,8,Kentucky,2000,4041769
2012,8,Kentucky,2010,4339367
2016,8,Kentucky,2010,4339367
2020,8,Kentucky,2010,4339367
1792,0,Louisiana,1790,0
1796,0,Louisiana,1790,0
1800,0,Louisiana,1790,0
1804,0,Louisiana,1800,0
1808,0,Louisiana,1800,0
1812,3,Louisiana,1810,76556
1816,3,Louisiana,1810,76556
1820,3,Louisiana,1810,76556
1824,5,Louisiana,1820,153407
1828,5,Louisiana,1820,153407
1832,5,Louisiana,1830,215739
1836,5,Louisiana,1830,215739
1840,5,Louisiana,1830,215739
1844,6,Louisiana,1840,352411
1848,6,Louisiana,1840,352411
1852,6,Louisiana,1850,517762
1856,6,Louisiana,1850,517762
1860,6,Louisiana,1850,517762
1864,0,Louisiana,1860,708002
1868,7,Louisiana,1860,708002
1872,8,Louisiana,1870,726915
1876,8,Louisiana,1870,726915
1880,8,Louisiana,1870,726915
1884,8,Louisiana,1880,939946
1888,8,Louisiana,1880,939946
1892,8,Louisiana,1890,1118587
1896,8,Louisiana,1890,1118587
1900,8,Louisiana,1890,1118587
1904,9,Louisiana,1900,1381625
1908,9,Louisiana,1900,1381625
1912,10,Louisiana,1910,1656388
1916,10,Louisiana,1910,1656388
1920,10,Louisiana,1910,1656388
1924,10,Louisiana,1920,1798509
1928,10,Louisiana,1920,1798509
1932,10,Louisiana,1930,2101593
1936,10,Louisiana,1930,2101593
1940,10,Louisiana,1930,2101593
1944,10,Louisiana,1940,2363880
1948,10,Louisiana,1940,2363880
1952,10,Louisiana,1950,2683516
1956,10,Louisiana,1950,2683516
1960,10,Louisiana,1950,2683516
1964,10,Louisiana,1960,3257022
1968,10,Louisiana,1960,3257022
1972,10,Louisiana,1970,3641306
1976,10,Louisiana,1970,3641306
1980,10,Louisiana,1970,3641306
1984,10,Louisiana,1980,4205900
1988,10,Louisiana,1980,4205900
1992,9,Louisiana,1990,4219973
1996,9,Louisiana,1990,4219973
2000,9,Louisiana,1990,4219973
2004,9,Louisiana,2000,4468976
2008,9,Louisiana,2000,4468976
2012,8,Louisiana,2010,4533372
2016,8,Louisiana,2010,4533372
2020,8,Louisiana,2010,4533372
1792,0,Maine,1790,96540
1796,0,Maine,1790,96540
1800,0,Maine,1790,96540
1804,0,Maine,1800,151719
1808,0,Maine,1800,151719
1812,0,Maine,1810,228705
1816,0,Maine,1810,228705
1820,9,Maine,1810,228705
1824,9,Maine,1820,298335
1828,9,Maine,1820,298335
1832,10,Maine,1830,399455
1836,10,Maine,1830,399455
1840,10,Maine,1830,399455
1844,9,Maine,1840,501793
1848,9,Maine,1840,501793
1852,8,Maine,1850,583169
1856,8,Maine,1850,583169
1860,8,Maine,1850,583169
1864,7,Maine,1860,628279
1868,7,Maine,1860,628279
1872,7,Maine,1870,626915
1876,7,Maine,1870,626915
1880,7,Maine,1870,626915
1884,6,Maine,1880,648936
1888,6,Maine,1880,648936
1892,6,Maine,1890,661086
1896,6,Maine,1890,661086
1900,6,Maine,1890,661086
1904,6,Maine,1900,694466
1908,6,Maine,1900,694466
1912,6,Maine,1910,742371
1916,6,Maine,1910,742371
1920,6,Maine,1910,742371
1924,6,Maine,1920,768014
1928,6,Maine,1920,768014
1932,5,Maine,1930,797423
1936,5,Maine,1930,797423
1940,5,Maine,1930,797423
1944,5,Maine,1940,847226
1948,5,Maine,1940,847226
1952,5,Maine,1950,913774
1956,5,Maine,1950,913774
1960,5,Maine,1950,913774
1964,4,Maine,1960,969265
1968,4,Maine,1960,969265
1972,4,Maine,1970,992048
1976,4,Maine,1970,992048
1980,4,Maine,1970,992048
1984,4,Maine,1980,1124660
1988,4,Maine,1980,1124660
1992,4,Maine,1990,1227928
1996,4,Maine,1990,1227928
2000,4,Maine,1990,1227928
2004,4,Maine,2000,1274923
2008,4,Maine,2000,1274923
2012,4,Maine,2010,1328361
2016,4,Maine,2010,1328361
2020,4,Maine,2010,1328361
1792,10,Maryland,1790,319728
1796,10,Maryland,1790,319728
1800,10,Maryland,1790,319728
1804,11,Maryland,1800,341548
1808,11,Maryland,1800,341548
1812,11,Maryland,1810,380546
1816,11,Maryland,1810,380546
1820,11,Maryland,1810,380546
1824,11,Maryland,1820,407350
1828,11,Maryland,1820,407350
1832,10,Maryland,1830,447040
1836,10,Maryland,1830,447040
1840,10,Maryland,1830,447040
1844,8,Maryland,1840,470019
1848,8,Maryland,1840,470019
1852,8,Maryland,1850,583034
1856,8,Maryland,1850,583034
1860,8,Maryland,1850,583034
1864,7,Maryland,1860,687049
1868,7,Maryland,1860,687049
1872,8,Maryland,1870,780894
1876,8,Maryland,1870,780894
1880,8,Maryland,1870,780894
1884,8,Maryland,1880,934943
1888,8,Maryland,1880,934943
1892,8,Maryland,1890,1042390
1896,8,Maryland,1890,1042390
1900,8,Maryland,1890,1042390
1904,8,Maryland,1900,1188044
1908,8,Maryland,1900,1188044
1912,8,Maryland,1910,1295346
1916,8,Maryland,1910,1295346
1920,8,Maryland,1910,1295346
1924,8,Maryland,1920,1449661
1928,8,Maryland,1920,1449661
1932,8,Maryland,1930,1631526
1936,8,Maryland,1930,1631526
1940,8,Maryland,1930,1631526
1944,8,Maryland,1940,1821244
1948,8,Maryland,1940,1821244
1952,9,Maryland,1950,2343001
1956,9,Maryland,1950,2343001
1960,9,Maryland,1950,2343001
1964,10,Maryland,1960,3100689
1968,10,Maryland,1960,3100689
1972,10,Maryland,1970,3922399
1976,10,Maryland,1970,3922399
1980,10,Maryland,1970,3922399
1984,10,Maryland,1980,4216975
1988,10,Maryland,1980,4216975
1992,10,Maryland,1990,4781468
1996,10,Maryland,1990,4781468
2000,10,Maryland,1990,4781468
2004,10,Maryland,2000,5296486
2008,10,Maryland,2000,5296486
2012,10,Maryland,2010,5773552
2016,10,Maryland,2010,5773552
2020,10,Maryland,2010,5773552
1792,16,Massachusetts,1790,378787
1796,16,Massachusetts,1790,378787
1800,16,Massachusetts,1790,378787
1804,19,Massachusetts,1800,422845
1808,19,Massachusetts,1800,422845
1812,22,Massachusetts,1810,472040
1816,22,Massachusetts,1810,472040
1820,15,Massachusetts,1810,472040
1824,15,Massachusetts,1820,523287
1828,15,Massachusetts,1820,523287
1832,14,Massachusetts,1830,610408
1836,14,Massachusetts,1830,610408
1840,14,Massachusetts,1830,610408
1844,12,Massachusetts,1840,737699
1848,12,Massachusetts,1840,737699
1852,13,Massachusetts,1850,994514
1856,13,Massachusetts,1850,994514
1860,13,Massachusetts,1850,994514
1864,12,Massachusetts,1860,1231066
1868,12,Massachusetts,1860,1231066
1872,13,Massachusetts,1870,1457351
1876,13,Massachusetts,1870,1457351
1880,13,Massachusetts,1870,1457351
1884,14,Massachusetts,1880,1783085
1888,14,Massachusetts,1880,1783085
1892,15,Massachusetts,1890,2238943
1896,15,Massachusetts,1890,2238943
1900,15,Massachusetts,1890,2238943
1904,16,Massachusetts,1900,2805346
1908,16,Massachusetts,1900,2805346
1912,18,Massachusetts,1910,3366416
1916,18,Massachusetts,1910,3366416
1920,18,Massachusetts,1910,3366416
1924,18,Massachusetts,1920,3852356
1928,18,Massachusetts,1920,3852356
1932,17,Massachusetts,1930,4249614
1936,17,Massachusetts,1930,4249614
1940,17,Massachusetts,1930,4249614
1944,16,Massachusetts,1940,4316721
1948,16,Massachusetts,1940,4316721
1952,16,Massachusetts,1950,4690514
1956,16,Massachusetts,1950,4690514
1960,16,Massachusetts,1950,4690514
1964,14,Massachusetts,1960,5148578
1968,14,Massachusetts,1960,5148578
1972,14,Massachusetts,1970,5689170
1976,14,Massachusetts,1970,5689170
1980,14,Massachusetts,1970,5689170
1984,13,Massachusetts,1980,5737037
1988,13,Massachusetts,1980,5737037
1992,12,Massachusetts,1990,6016425
1996,12,Massachusetts,1990,6016425
2000,12,Massachusetts,1990,6016425
2004,12,Massachusetts,2000,6349097
2008,12,Massachusetts,2000,6349097
2012,11,Massachusetts,2010,6547629
2016,11,Massachusetts,2010,6547629
2020,11,Massachusetts,2010,6547629
1792,0,Michigan,1790,0
1796,0,Michigan,1790,0
1800,0,Michigan,1790,0
1804,0,Michigan,1800,3757
1808,0,Michigan,1800,3757
1812,0,Michigan,1810,4762
1816,0,Michigan,1810,4762
1820,0,Michigan,1810,4762
1824,0,Michigan,1820,7452
1828,0,Michigan,1820,7452
1832,0,Michigan,1830,28004
1836,3,Michigan,1830,28004
1840,3,Michigan,1830,28004
1844,5,Michigan,1840,212267
1848,5,Michigan,1840,212267
1852,6,Michigan,1850,397654
1856,6,Michigan,1850,397654
1860,6,Michigan,1850,397654
1864,8,Michigan,1860,749113
1868,8,Michigan,1860,749113
1872,11,Michigan,1870,1184059
1876,11,Michigan,1870,1184059
1880,11,Michigan,1870,1184059
1884,13,Michigan,1880,1636937
1888,13,Michigan,1880,1636937
1892,14,Michigan,1890,2093889
1896,14,Michigan,1890,2093889
1900,14,Michigan,1890,2093889
1904,14,Michigan,1900,2420982
1908,14,Michigan,1900,2420982
1912,15,Michigan,1910,2810173
1916,15,Michigan,1910,2810173
1920,15,Michigan,1910,2810173
1924,15,Michigan,1920,3668412
1928,15,Michigan,1920,3668412
1932,19,Michigan,1930,4842325
1936,19,Michigan,1930,4842325
1940,19,Michigan,1930,4842325
1944,19,Michigan,1940,5256106
1948,19,Michigan,1940,5256106
1952,20,Michigan,1950,6371766
1956,20,Michigan,1950,6371766
1960,20,Michigan,1950,6371766
1964,21,Michigan,1960,7823194
1968,21,Michigan,1960,7823194
1972,21,Michigan,1970,8875083
1976,21,Michigan,1970,8875083
1980,21,Michigan,1970,8875083
1984,20,Michigan,1980,9262078
1988,20,Michigan,1980,9262078
1992,18,Michigan,1990,9295297
1996,18,Michigan,1990,9295297
2000,18,Michigan,1990,9295297
2004,17,Michigan,2000,9938444
2008,17,Michigan,2000,9938444
2012,16,Michigan,2010,9883640
2016,16,Michigan,2010,9883640
2020,16,Michigan,2010,9883640
1792,0,Minnesota,1790,0
1796,0,Minnesota,1790,0
1800,0,Minnesota,1790,0
1804,0,Minnesota,1800,0
1808,0,Minnesota,1800,0
1812,0,Minnesota,1810,0
1816,0,Minnesota,1810,0
1820,0,Minnesota,1810,0
1824,0,Minnesota,1820,0
1828,0,Minnesota,1820,0
1832,0,Minnesota,1830,0
1836,0,Minnesota,1830,0
1840,0,Minnesota,1830,0
1844,0,Minnesota,1840,0
1848,0,Minnesota,1840,0
1852,0,Minnesota,1850,6077
1856,0,Minnesota,1850,6077
1860,4,Minnesota,1850,6077
1864,4,Minnesota,1860,172023
1868,4,Minnesota,1860,172023
1872,5,Minnesota,1870,439706
1876,5,Minnesota,1870,439706
1880,5,Minnesota,1870,439706
1884,7,Minnesota,1880,780773
1888,7,Minnesota,1880,780773
1892,9,Minnesota,1890,1310283
1896,9,Minnesota,1890,1310283
1900,9,Minnesota,1890,1310283
1904,11,Minnesota,1900,1751394
1908,11,Minnesota,1900,1751394
1912,12,Minnesota,1910,2075708
1916,12,Minnesota,1910,2075708
1920,12,Minnesota,1910,2075708
1924,12,Minnesota,1920,2387125
1928,12,Minnesota,1920,2387125
1932,11,Minnesota,1930,2563953
1936,11,Minnesota,1930,2563953
1940,11,Minnesota,1930,2563953
1944,11,Minnesota,1940,2792300
1948,11,Minnesota,1940,2792300
1952,11,Minnesota,1950,2982483
1956,11,Minnesota,1950,2982483
1960,11,Minnesota,1950,2982483
1964,10,Minnesota,1960,3413864
1968,10,Minnesota,1960,3413864
1972,10,Minnesota,1970,3804971
1976,10,Minnesota,1970,3804971
1980,10,Minnesota,1970,3804971
1984,10,Minnesota,1980,4075970
1988,10,Minnesota,1980,4075970
1992,10,Minnesota,1990,4375099
1996,10,Minnesota,1990,4375099
2000,10,Minnesota,1990,4375099
2004,10,Minnesota,2000,4919479
2008,10,Minnesota,2000,4919479
2012,10,Minnesota,2010,5303925
2016,10,Minnesota,2010,5303925
2020,10,Minnesota,2010,5303925
1792,0,Mississippi,1790,0
1796,0,Mississippi,1790,0
1800,0,Mississippi,1790,0
1804,0,Mississippi,1800,7600
1808,0,Mississippi,1800,7600
1812,0,Mississippi,1810,31306
1816,0,Mississippi,1810,31306
1820,3,Mississippi,1810,31306
1824,3,Mississippi,1820,75448
1828,3,Mississippi,1820,75448
1832,4,Mississippi,1830,136621
1836,4,Mississippi,1830,136621
1840,4,Mississippi,1830,136621
1844,6,Mississippi,1840,375651
1848,6,Mississippi,1840,375651
1852,7,Mississippi,1850,606526
1856,7,Mississippi,1850,606526
1860,7,Mississippi,1850,606526
1864,0,Mississippi,1860,791305
1868,0,Mississippi,1860,791305
1872,8,Mississippi,1870,827922
1876,8,Mississippi,1870,827922
1880,8,Mississippi,1870,827922
1884,9,Mississippi,1880,1131597
1888,9,Mississippi,1880,1131597
1892,9,Mississippi,1890,1289600
1896,9,Mississippi,1890,1289600
1900,9,Mississippi,1890,1289600
1904,10,Mississippi,1900,1551270
1908,10,Mississippi,1900,1551270
1912,10,Mississippi,1910,1797114
1916,10,Mississippi,1910,1797114
1920,10,Mississippi,1910,1797114
1924,10,Mississippi,1920,1790618
1928,10,Mississippi,1920,1790618
1932,9,Mississippi,1930,2009821
1936,9,Mississippi,1930,2009821
1940,9,Mississippi,1930,2009821
1944,9,Mississippi,1940,2183796
1948,9,Mississippi,1940,2183796
1952,8,Mississippi,1950,2178914
1956,8,Mississippi,1950,2178914
1960,8,Mississippi,1950,2178914
1964,7,Mississippi,1960,2178141
1968,7,Mississippi,1960,2178141
1972,7,Mississippi,1970,2216912
1976,7,Mississippi,1970,2216912
1980,7,Mississippi,1970,2216912
1984,7,Mississippi,1980,2520638
1988,7,Mississippi,1980,2520638
1992,7,Mississippi,1990,2573216
1996,7,Mississippi,1990,2573216
2000,7,Mississippi,1990,2573216
2004,6,Mississippi,2000,2844658
2008,6,Mississippi,2000,2844658
2012,6,Mississippi,2010,2967297
2016,6,Mississippi,2010,2967297
2020,6,Mississippi,2010,2967297
1792,0,Missouri,1790,0
1796,0,Missouri,1790,0
1800,0,Missouri,1790,0
1804,0,Missouri,1800,0
1808,0,Missouri,1800,0
1812,0,Missouri,1810,19783
1816,0,Missouri,1810,19783
1820,3,Missouri,1810,19783
1824,3,Missouri,1820,66586
1828,3,Missouri,1820,66586
1832,4,Missouri,1830,140455
1836,4,Missouri,1830,140455
1840,4,Missouri,1830,140455
1844,7,Missouri,1840,383702
1848,7,Missouri,1840,383702
1852,9,Missouri,1850,682044
1856,9,Missouri,1850,682044
1860,9,Missouri,1850,682044
1864,11,Missouri,1860,1182012
1868,11,Missouri,1860,1182012
1872,15,Missouri,1870,1721295
1876,15,Missouri,1870,1721295
1880,15,Missouri,1870,1721295
1884,16,Missouri,1880,2168380
1888,16,Missouri,1880,2168380
1892,17,Missouri,1890,2679184
1896,17,Missouri,1890,2679184
1900,17,Missouri,1890,2679184
1904,18,Missouri,1900,3106665
1908,18,Missouri,1900,3106665
1912,18,Missouri,1910,3293335
1916,18,Missouri,1910,3293335
1920,18,Missouri,1910,3293335
1924,18,Missouri,1920,3404055
1928,18,Missouri,1920,3404055
1932,15,Missouri,1930,3629367
1936,15,Missouri,1930,3629367
1940,15,Missouri,1930,3629367
1944,15,Missouri,1940,3784664
1948,15,Missouri,1940,3784664
1952,13,Missouri,1950,3954653
1956,13,Missouri,1950,3954653
1960,13,Missouri,1950,3954653
1964,12,Missouri,1960,4319813
1968,12,Missouri,1960,4319813
1972,12,Missouri,1970,4676501
1976,12,Missouri,1970,4676501
1980,12,Missouri,1970,4676501
1984,11,Missouri,1980,4916686
1988,11,Missouri,1980,4916686
1992,11,Missouri,1990,5117073
1996,11,Missouri,1990,5117073
2000,11,Missouri,1990,5117073
2004,11,Missouri,2000,5595211
2008,11,Missouri,2000,5595211
2012,10,Missouri,2010,5988927
2016,10,Missouri,2010,5988927
2020,10,Missouri,2010,5988927
1792,0,Montana,1790,0
1796,0,Montana,1790,0
1800,0,Montana,1790,0
1804,0,Montana,1800,0
1808,0,Montana,1800,0
1812,0,Montana,1810,0
1816,0,Montana,1810,0
1820,0,Montana,1810,0
1824,0,Montana,1820,0
1828,0,Montana,1820,0
1832,0,Montana,1830,0
1836,0,Montana,1830,0
1840,0,Montana,1830,0
1844,0,Montana,1840,0
1848,0,Montana,1840,0
1852,0,Montana,1850,0
1856,0,Montana,1850,0
1860,0,Montana,1850,0
1864,0,Montana,1860,0
1868,0,Montana,1860,0
1872,0,Montana,1870,20595
1876,0,Montana,1870,20595
1880,0,Montana,1870,20595
1884,0,Montana,1880,39159
1888,0,Montana,1880,39159
1892,3,Montana,1890,142924
1896,3,Montana,1890,142924
1900,3,Montana,1890,142924
1904,3,Montana,1900,243329
1908,3,Montana,1900,243329
1912,4,Montana,1910,376053
1916,4,Montana,1910,376053
1920,4,Montana,1910,376053
1924,4,Montana,1920,548889
1928,4,Montana,1920,548889
1932,4,Montana,1930,537606
1936,4,Montana,1930,537606
1940,4,Montana,1930,537606
1944,4,Montana,1940,559456
1948,4,Montana,1940,559456
1952,4,Montana,1950,591024
1956,4,Montana,1950,591024
1960,4,Montana,1950,591024
1964,4,Montana,1960,674767
1968,4,Montana,1960,674767
1972,4,Montana,1970,694409
1976,4,Montana,1970,694409
1980,4,Montana,1970,694409
1984,4,Montana,1980,786690
1988,4,Montana,1980,786690
1992,3,Montana,1990,799065
1996,3,Montana,1990,799065
2000,3,Montana,1990,799065
2004,3,Montana,2000,902195
2008,3,Montana,2000,902195
2012,3,Montana,2010,989415
2016,3,Montana,2010,989415
2020,3,Montana,2010,989415
1792,0,Nebraska,1790,0
1796,0,Nebraska,1790,0
1800,0,Nebraska,1790,0
1804,0,Nebraska,1800,0
1808,0,Nebraska,1800,0
1812,0,Nebraska,1810,0
1816,0,Nebraska,1810,0
1820,0,Nebraska,1810,0
1824,0,Nebraska,1820,0
1828,0,Nebraska,1820,0
1832,0,Nebraska,1830,0
1836,0,Nebraska,1830,0
1840,0,Nebraska,1830,0
1844,0,Nebraska,1840,0
1848,0,Nebraska,1840,0
1852,0,Nebraska,1850,0
1856,0,Nebraska,1850,0
1860,0,Nebraska,1850,0
1864,0,Nebraska,1860,28841
1868,3,Nebraska,1860,28841
1872,3,Nebraska,1870,122993
1876,3,Nebraska,1870,122993
1880,3,Nebraska,1870,122993
1884,5,Nebraska,1880,452402
1888,5,Nebraska,1880,452402
1892,8,Nebraska,1890,1062656
1896,8,Nebraska,1890,1062656
1900,8,Nebraska,1890,1062656
1904,8,Nebraska,1900,1066300
1908,8,Nebraska,1900,1066300
1912,8,Nebraska,1910,1192214
1916,8,Nebraska,1910,1192214
1920,8,Nebraska,1910,1192214
1924,8,Nebraska,1920,1296372
1928,8,Nebraska,1920,1296372
1932,7,Nebraska,1930,1377963
1936,7,Nebraska,1930,1377963
1940,7,Nebraska,1930,1377963
1944,6,Nebraska,1940,1315834
1948,6,Nebraska,1940,1315834
1952,6,Nebraska,1950,1325510
1956,6,Nebraska,1950,1325510
1960,6,Nebraska,1950,1325510
1964,5,Nebraska,1960,1411330
1968,5,Nebraska,1960,1411330
1972,5,Nebraska,1970,1483493
1976,5,Nebraska,1970,1483493
1980,5,Nebraska,1970,1483493
1984,5,Nebraska,1980,1569825
1988,5,Nebraska,1980,1569825
1992,5,Nebraska,1990,1578385
1996,5,Nebraska,1990,1578385
2000,5,Nebraska,1990,1578385
2004,5,Nebraska,2000,1711263
2008,5,Nebraska,2000,1711263
2012,5,Nebraska,2010,1826341
2016,5,Nebraska,2010,1826341
2020,5,Nebraska,2010,1826341
1792,0,Nevada,1790,0
1796,0,Nevada,1790,0
1800,0,Nevada,1790,0
1804,0,Nevada,1800,0
1808,0,Nevada,1800,0
1812,0,Nevada,1810,0
1816,0,Nevada,1810,0
1820,0,Nevada,1810,0
1824,0,Nevada,1820,0
1828,0,Nevada,1820,0
1832,0,Nevada,1830,0
1836,0,Nevada,1830,0
1840,0,Nevada,1830,0
1844,0,Nevada,1840,0
1848,0,Nevada,1840,0
1852,0,Nevada,1850,0
1856,0,Nevada,1850,0
1860,0,Nevada,1850,0
1864,3,Nevada,1860,6857
1868,3,Nevada,1860,6857
1872,3,Nevada,1870,42491
1876,3,Nevada,1870,42491
1880,3,Nevada,1870,42491
1884,3,Nevada,1880,62266
1888,3,Nevada,1880,62266
1892,3,Nevada,1890,47355
1896,3,Nevada,1890,47355
1900,3,Nevada,1890,47355
1904,3,Nevada,1900,42335
1908,3,Nevada,1900,42335
1912,3,Nevada,1910,81875
1916,3,Nevada,1910,81875
1920,3,Nevada,1910,81875
1924,3,Nevada,1920,77407
1928,3,Nevada,1920,77407
1932,3,Nevada,1930,91058
1936,3,Nevada,1930,91058
1940,3,Nevada,1930,91058
1944,3,Nevada,1940,110247
1948,3,Nevada,1940,110247
1952,3,Nevada,1950,160083
1956,3,Nevada,1950,160083
1960,3,Nevada,1950,160083
1964,3,Nevada,1960,285278
1968,3,Nevada,1960,285278
1972,3,Nevada,1970,488738
1976,3,Nevada,1970,488738
1980,3,Nevada,1970,488738
1984,4,Nevada,1980,800493
1988,4,Nevada,1980,800493
1992,4,Nevada,1990,1201833
1996,4,Nevada,1990,1201833
2000,4,Nevada,1990,1201833
2004,5,Nevada,2000,1998257
2008,5,Nevada,2000,1998257
2012,6,Nevada,2010,2700551
2016,6,Nevada,2010,2700551
2020,6,Nevada,2010,2700551
1792,6,New Hampshire,1790,141885
1796,6,New Hampshire,1790,141885
1800,6,New Hampshire,1790,141885
1804,7,New Hampshire,1800,183858
1808,7,New Hampshire,1800,183858
1812,8,New Hampshire,1810,214360
1816,8,New Hampshire,1810,214360
1820,8,New Hampshire,1810,214360
1824,8,New Hampshire,1820,244161
1828,8,New Hampshire,1820,244161
1832,7,New Hampshire,1830,269328
1836,7,New Hampshire,1830,269328
1840,7,New Hampshire,1830,269328
1844,6,New Hampshire,1840,284574
1848,6,New Hampshire,1840,284574
1852,5,New Hampshire,1850,317976
1856,5,New Hampshire,1850,317976
1860,5,New Hampshire,1850,317976
1864,5,New Hampshire,1860,326073
1868,5,New Hampshire,1860,326073
1872,5,New Hampshire,1870,318300
1876,5,New Hampshire,1870,318300
1880,5,New Hampshire,1870,318300
1884,4,New Hampshire,1880,346991
1888,4,New Hampshire,1880,346991
1892,4,New Hampshire,1890,376530
1896,4,New Hampshire,1890,376530
1900,4,New Hampshire,1890,376530
1904,4,New Hampshire,1900,411588
1908,4,New Hampshire,1900,411588
1912,4,New Hampshire,1910,430572
1916,4,New Hampshire,1910,430572
1920,4,New Hampshire,1910,430572
1924,4,New Hampshire,1920,443083
1928,4,New Hampshire,1920,443083
1932,4,New Hampshire,1930,465293
1936,4,New Hampshire,1930,465293
1940,4,New Hampshire,1930,465293
1944,4,New Hampshire,1940,491524
1948,4,New Hampshire,1940,491524
1952,4,New Hampshire,1950,533242
1956,4,New Hampshire,1950,533242
1960,4,New Hampshire,1950,533242
1964,4,New Hampshire,1960,606921
1968,4,New Hampshire,1960,606921
1972,4,New Hampshire,1970,737681
1976,4,New Hampshire,1970,737681
1980,4,New Hampshire,1970,737681
1984,4,New Hampshire,1980,920610
1988,4,New Hampshire,1980,920610
1992,4,New Hampshire,1990,1109252
1996,4,New Hampshire,1990,1109252
2000,4,New Hampshire,1990,1109252
2004,4,New Hampshire,2000,1235786
2008,4,New Hampshire,2000,1235786
2012,4,New Hampshire,2010,1316470
2016,4,New Hampshire,2010,1316470
2020,4,New Hampshire,2010,1316470
1792,7,New Jersey,1790,184139
1796,7,New Jersey,1790,184139
1800,7,New Jersey,1790,184139
1804,8,New Jersey,1800,211149
1808,8,New Jersey,1800,211149
1812,8,New Jersey,1810,245555
1816,8,New Jersey,1810,245555
1820,8,New Jersey,1810,245555
1824,8,New Jersey,1820,277575
1828,8,New Jersey,1820,277575
1832,8,New Jersey,1830,320823
1836,8,New Jersey,1830,320823
1840,8,New Jersey,1830,320823
1844,7,New Jersey,1840,373306
1848,7,New Jersey,1840,373306
1852,7,New Jersey,1850,489555
1856,7,New Jersey,1850,489555
1860,7,New Jersey,1850,489555
1864,7,New Jersey,1860,672035
1868,7,New Jersey,1860,672035
1872,9,New Jersey,1870,906096
1876,9,New Jersey,1870,906096
1880,9,New Jersey,1870,906096
1884,9,New Jersey,1880,1131116
1888,9,New Jersey,1880,1131116
1892,10,New Jersey,1890,1444933
1896,10,New Jersey,1890,1444933
1900,10,New Jersey,1890,1444933
1904,12,New Jersey,1900,1883669
1908,12,New Jersey,1900,1883669
1912,14,New Jersey,1910,2537167
1916,14,New Jersey,1910,2537167
1920,14,New Jersey,1910,2537167
1924,14,New Jersey,1920,3155900
1928,14,New Jersey,1920,3155900
1932,16,New Jersey,1930,4041334
1936,16,New Jersey,1930,4041334
1940,16,New Jersey,1930,4041334
1944,16,New Jersey,1940,4160165
1948,16,New Jersey,1940,4160165
1952,16,New Jersey,1950,4835329
1956,16,New Jersey,1950,4835329
1960,16,New Jersey,1950,4835329
1964,17,New Jersey,1960,6066782
1968,17,New Jersey,1960,6066782
1972,17,New Jersey,1970,7168164
1976,17,New Jersey,1970,7168164
1980,17,New Jersey,1970,7168164
1984,16,New Jersey,1980,7364823
1988,16,New Jersey,1980,7364823
1992,15,New Jersey,1990,7730188
1996,15,New Jersey,1990,7730188
2000,15,New Jersey,1990,7730188
2004,15,New Jersey,2000,8414350
2008,15,New Jersey,2000,8414350
2012,14,New Jersey,2010,8791894
2016,14,New Jersey,2010,8791894
2020,14,New Jersey,2010,8791894
1792,0,New Mexico,1790,0
1796,0,New Mexico,1790,0
1800,0,New Mexico,1790,0
1804,0,New Mexico,1800,0
1808,0,New Mexico,1800,0
1812,0,New Mexico,1810,0
1816,0,New Mexico,1810,0
1820,0,New Mexico,1810,0
1824,0,New Mexico,1820,0
1828,0,New Mexico,1820,0
1832,0,New Mexico,1830,0
1836,0,New Mexico,1830,0
1840,0,New Mexico,1830,0
1844,0,New Mexico,1840,0
1848,0,New Mexico,1840,0
1852,0,New Mexico,1850,61547
1856,0,New Mexico,1850,61547
1860,0,New Mexico,1850,61547
1864,0,New Mexico,1860,87034
1868,0,New Mexico,1860,87034
1872,0,New Mexico,1870,91874
1876,0,New Mexico,1870,91874
1880,0,New Mexico,1870,91874
1884,0,New Mexico,1880,119565
1888,0,New Mexico,1880,119565
1892,0,New Mexico,1890,160282
1896,0,New Mexico,1890,160282
1900,0,New Mexico,1890,160282
1904,0,New Mexico,1900,195310
1908,0,New Mexico,1900,195310
1912,3,New Mexico,1910,327301
1916,3,New Mexico,1910,327301
1920,3,New Mexico,1910,327301
1924,3,New Mexico,1920,360350
1928,3,New Mexico,1920,360350
1932,3,New Mexico,1930,423317
1936,3,New Mexico,1930,423317
1940,3,New Mexico,1930,423317
1944,4,New Mexico,1940,531818
1948,4,New Mexico,1940,531818
1952,4,New Mexico,1950,681187
1956,4,New Mexico,1950,681187
1960,4,New Mexico,1950,681187
1964,4,New Mexico,1960,951023
1968,4,New Mexico,1960,951023
1972,4,New Mexico,1970,1016000
1976,4,New Mexico,1970,1016000
1980,4,New Mexico,1970,1016000
1984,5,New Mexico,1980,1302894
1988,5,New Mexico,1980,1302894
1992,5,New Mexico,1990,1515069
1996,5,New Mexico,1990,1515069
2000,5,New Mexico,1990,1515069
2004,5,New Mexico,2000,1819046
2008,5,New Mexico,2000,1819046
2012,5,New Mexico,2010,2059179
2016,5,New Mexico,2010,2059179
2020,5,New Mexico,2010,2059179
1792,12,North Carolina,1790,393751
1796,12,North Carolina,1790,393751
1800,12,North Carolina,1790,393751
1804,14,North Carolina,1800,478103
1808,14,North Carolina,1800,478103
1812,15,North Carolina,1810,556526
1816,15,North Carolina,1810,556526
1820,15,North Carolina,1810,556526
1824,15,North Carolina,1820,638829
1828,15,North Carolina,1820,638829
1832,15,North Carolina,1830,737987
1836,15,North Carolina,1830,737987
1840,15,North Carolina,1830,737987
1844,11,North Carolina,1840,753419
1848,11,North Carolina,1840,753419
1852,10,North Carolina,1850,869039
1856,10,North Carolina,1850,869039
1860,10,North Carolina,1850,869039
1864,0,North Carolina,1860,992622
1868,9,North Carolina,1860,992622
1872,10,North Carolina,1870,1071361
1876,10,North Carolina,1870,1071361
1880,10,North Carolina,1870,1071361
1884,11,North Carolina,1880,1399750
1888,11,North Carolina,1880,1399750
1892,11,North Carolina,1890,1617947
1896,11,North Carolina,1890,1617947
1900,11,North Carolina,1890,1617947
1904,12,North Carolina,1900,1893810
1908,12,North Carolina,1900,1893810
1912,12,North Carolina,1910,2206287
1916,12,North Carolina,1910,2206287
1920,12,North Carolina,1910,2206287
1924,12,North Carolina,1920,2559123
1928,12,North Carolina,1920,2559123
1932,13,North Carolina,1930,3170276
1936,13,North Carolina,1930,3170276
1940,13,North Carolina,1930,3170276
1944,14,North Carolina,1940,3571623
1948,14,North Carolina,1940,3571623
1952,14,North Carolina,1950,4061929
1956,14,North Carolina,1950,4061929
1960,14,North Carolina,1950,4061929
1964,13,North Carolina,1960,4556155
1968,13,North Carolina,1960,4556155
1972,13,North Carolina,1970,5082059
1976,13,North Carolina,1970,5082059
1980,13,North Carolina,1970,5082059
1984,13,North Carolina,1980,5881766
1988,13,North Carolina,1980,5881766
1992,14,North Carolina,1990,6628637
1996,14,North Carolina,1990,6628637
2000,14,North Carolina,1990,6628637
2004,15,North Carolina,2000,8049313
2008,15,North Carolina,2000,8049313
2012,15,North Carolina,2010,9535483
2016,15,North Carolina,2010,9535483
2020,15,North Carolina,2010,9535483
1792,0,North Dakota,1790,0
1796,0,North Dakota,1790,0
1800,0,North Dakota,1790,0
1804,0,North Dakota,1800,0
1808,0,North Dakota,1800,0
1812,0,North Dakota,1810,0
1816,0,North Dakota,1810,0
1820,0,North Dakota,1810,0
1824,0,North Dakota,1820,0
1828,0,North Dakota,1820,0
1832,0,North Dakota,1830,0
1836,0,North Dakota,1830,0
1840,0,North Dakota,1830,0
1844,0,North Dakota,1840,0
1848,0,North Dakota,1840,0
1852,0,North Dakota,1850,0
1856,0,North Dakota,1850,0
1860,0,North Dakota,1850,0
1864,0,North Dakota,1860,0
1868,0,North Dakota,1860,0
1872,0,North Dakota,1870,2405
1876,0,North Dakota,1870,2405
1880,0,North Dakota,1870,2405
1884,0,North Dakota,1880,36909
1888,0,North Dakota,1880,36909
1892,3,North Dakota,1890,190983
1896,3,North Dakota,1890,190983
1900,3,North Dakota,1890,190983
1904,4,North Dakota,1900,319146
1908,4,North Dakota,1900,319146
1912,5,North Dakota,1910,577056
1916,5,North Dakota,1910,577056
1920,5,North Dakota,1910,577056
1924,5,North Dakota,1920,646872
1928,5,North Dakota,1920,646872
1932,4,North Dakota,1930,680845
1936,4,North Dakota,1930,680845
1940,4,North Dakota,1930,680845
1944,4,North Dakota,1940,641935
1948,4,North Dakota,1940,641935
1952,4,North Dakota,1950,619636
1956,4,North Dakota,1950,619636
1960,4,North Dakota,1950,619636
1964,4,North Dakota,1960,632446
1968,4,North Dakota,1960,632446
1972,3,North Dakota,1970,617761
1976,3,North Dakota,1970,617761
1980,3,North Dakota,1970,617761
1984,3,North Dakota,1980,652717
1988,3,North Dakota,1980,652717
1992,3,North Dakota,1990,638800
1996,3,North Dakota,1990,638800
2000,3,North Dakota,1990,638800
2004,3,North Dakota,2000,642200
2008,3,North Dakota,2000,642200
2012,3,North Dakota,2010,672591
2016,3,North Dakota,2010,672591
2020,3,North Dakota,2010,672591
1792,0,Ohio,1790,0
1796,0,Ohio,1790,0
1800,0,Ohio,1790,0
1804,3,Ohio,1800,42159
1808,3,Ohio,1800,42159
1812,8,Ohio,1810,230760
1816,8,Ohio,1810,230760
1820,8,Ohio,1810,230760
1824,16,Ohio,1820,581434
1828,16,Ohio,1820,581434
1832,21,Ohio,1830,937903
1836,21,Ohio,1830,937903
1840,21,Ohio,1830,937903
1844,23,Ohio,1840,1519467
1848,23,Ohio,1840,1519467
1852,23,Ohio,1850,1980329
1856,23,Ohio,1850,1980329
1860,23,Ohio,1850,1980329
1864,21,Ohio,1860,2339511
1868,21,Ohio,1860,2339511
1872,22,Ohio,1870,2665260
1876,22,Ohio,1870,2665260
1880,22,Ohio,1870,2665260
1884,23,Ohio,1880,3198062
1888,23,Ohio,1880,3198062
1892,23,Ohio,1890,3672316
1896,23,Ohio,1890,3672316
1900,23,Ohio,1890,3672316
1904,23,Ohio,1900,4157545
1908,23,Ohio,1900,4157545
1912,24,Ohio,1910,4767121
1916,24,Ohio,1910,4767121
1920,24,Ohio,1910,4767121
1924,24,Ohio,1920,5759394
1928,24,Ohio,1920,5759394
1932,26,Ohio,1930,6646697
1936,26,Ohio,1930,6646697
1940,26,Ohio,1930,6646697
1944,25,Ohio,1940,6907612
1948,25,Ohio,1940,6907612
1952,25,Ohio,1950,7946627
1956,25,Ohio,1950,7946627
1960,25,Ohio,1950,7946627
1964,26,Ohio,1960,9706397
1968,26,Ohio,1960,9706397
1972,25,Ohio,1970,10652017
1976,25,Ohio,1970,10652017
1980,25,Ohio,1970,10652017
1984,23,Ohio,1980,10797630
1988,23,Ohio,1980,10797630
1992,21,Ohio,1990,10847115
1996,21,Ohio,1990,10847115
2000,21,Ohio,1990,10847115
2004,20,Ohio,2000,11353140
2008,20,Ohio,2000,11353140
2012,18,Ohio,2010,11536504
2016,18,Ohio,2010,11536504
2020,18,Ohio,2010,11536504
1792,0,Oklahoma,1790,0
1796,0,Oklahoma,1790,0
1800,0,Oklahoma,1790,0
1804,0,Oklahoma,1800,0
1808,0,Oklahoma,1800,0
1812,0,Oklahoma,1810,0
1816,0,Oklahoma,1810,0
1820,0,Oklahoma,1810,0
1824,0,Oklahoma,1820,0
1828,0,Oklahoma,1820,0
1832,0,Oklahoma,1830,0
1836,0,Oklahoma,1830,0
1840,0,Oklahoma,1830,0
1844,0,Oklahoma,1840,0
1848,0,Oklahoma,1840,0
1852,0,Oklahoma,1850,0
1856,0,Oklahoma,1850,0
1860,0,Oklahoma,1850,0
1864,0,Oklahoma,1860,0
1868,0,Oklahoma,1860,0
1872,0,Oklahoma,1870,0
1876,0,Oklahoma,1870,0
1880,0,Oklahoma,1870,0
1884,0,Oklahoma,1880,0
1888,0,Oklahoma,1880,0
1892,0,Oklahoma,1890,25865714
1896,0,Oklahoma,1890,25865714
1900,0,Oklahoma,1890,25865714
1904,0,Oklahoma,1900,79039115
1908,7,Oklahoma,1900,79039115
1912,10,Oklahoma,1910,1657155
1916,10,Oklahoma,1910,1657155
1920,10,Oklahoma,1910,1657155
1924,10,Oklahoma,1920,2028283
1928,10,Oklahoma,1920,2028283
1932,11,Oklahoma,1930,2396040
1936,11,Oklahoma,1930,2396040
1940,11,Oklahoma,1930,2396040
1944,10,Oklahoma,1940,2336434
1948,10,Oklahoma,1940,2336434
1952,8,Oklahoma,1950,2233351
1956,8,Oklahoma,1950,2233351
1960,8,Oklahoma,1950,2233351
1964,8,Oklahoma,1960,2328284
1968,8,Oklahoma,1960,2328284
1972,8,Oklahoma,1970,2559229
1976,8,Oklahoma,1970,2559229
1980,8,Oklahoma,1970,2559229
1984,8,Oklahoma,1980,3025290
1988,8,Oklahoma,1980,3025290
1992,8,Oklahoma,1990,3145585
1996,8,Oklahoma,1990,3145585
2000,8,Oklahoma,1990,3145585
2004,7,Oklahoma,2000,3450654
2008,7,Oklahoma,2000,3450654
2012,7,Oklahoma,2010,3751351
2016,7,Oklahoma,2010,3751351
2020,7,Oklahoma,2010,3751351
1792,0,Oregon,1790,0
1796,0,Oregon,1790,0
1800,0,Oregon,1790,0
1804,0,Oregon,1800,0
1808,0,Oregon,1800,0
1812,0,Oregon,1810,0
1816,0,Oregon,1810,0
1820,0,Oregon,1810,0
1824,0,Oregon,1820,0
1828,0,Oregon,1820,0
1832,0,Oregon,1830,0
1836,0,Oregon,1830,0
1840,0,Oregon,1830,0
1844,0,Oregon,1840,0
1848,0,Oregon,1840,0
1852,0,Oregon,1850,12093
1856,0,Oregon,1850,12093
1860,3,Oregon,1850,12093
1864,3,Oregon,1860,52465
1868,3,Oregon,1860,52465
1872,3,Oregon,1870,90923
1876,3,Oregon,1870,90923
1880,3,Oregon,1870,90923
1884,3,Oregon,1880,174768
1888,3,Oregon,1880,174768
1892,4,Oregon,1890,317704
1896,4,Oregon,1890,317704
1900,4,Oregon,1890,317704
1904,4,Oregon,1900,413536
1908,4,Oregon,1900,413536
1912,5,Oregon,1910,672765
1916,5,Oregon,1910,672765
1920,5,Oregon,1910,672765
1924,5,Oregon,1920,783389
1928,5,Oregon,1920,783389
1932,5,Oregon,1930,953786
1936,5,Oregon,1930,953786
1940,5,Oregon,1930,953786
1944,6,Oregon,1940,1089684
1948,6,Oregon,1940,1089684
1952,6,Oregon,1950,1521341
1956,6,Oregon,1950,1521341
1960,6,Oregon,1950,1521341
1964,6,Oregon,1960,1768687
1968,6,Oregon,1960,1768687
1972,6,Oregon,1970,2091385
1976,6,Oregon,1970,2091385
1980,6,Oregon,1970,2091385
1984,7,Oregon,1980,2633105
1988,7,Oregon,1980,2633105
1992,7,Oregon,1990,2842321
1996,7,Oregon,1990,2842321
2000,7,Oregon,1990,2842321
2004,7,Oregon,2000,3421399
2008,7,Oregon,2000,3421399
2012,7,Oregon,2010,3831074
2016,7,Oregon,2010,3831074
2020,7,Oregon,2010,3831074
1792,15,Pennsylvania,1790,434373
1796,15,Pennsylvania,1790,434373
1800,15,Pennsylvania,1790,434373
1804,20,Pennsylvania,1800,602545
1808,20,Pennsylvania,1800,602545
1812,25,Pennsylvania,1810,810091
1816,25,Pennsylvania,1810,810091
1820,25,Pennsylvania,1810,810091
1824,28,Pennsylvania,1820,1049458
1828,28,Pennsylvania,1820,1049458
1832,30,Pennsylvania,1830,1348233
1836,30,Pennsylvania,1830,1348233
1840,30,Pennsylvania,1830,1348233
1844,26,Pennsylvania,1840,1724033
1848,26,Pennsylvania,1840,1724033
1852,27,Pennsylvania,1850,2311786
1856,27,Pennsylvania,1850,2311786
1860,27,Pennsylvania,1850,2311786
1864,26,Pennsylvania,1860,2906215
1868,26,Pennsylvania,1860,2906215
1872,29,Pennsylvania,1870,3521951
1876,29,Pennsylvania,1870,3521951
1880,29,Pennsylvania,1870,3521951
1884,30,Pennsylvania,1880,4282891
1888,30,Pennsylvania,1880,4282891
1892,32,Pennsylvania,1890,5258014
1896,32,Pennsylvania,1890,5258014
1900,32,Pennsylvania,1890,5258014
1904,34,Pennsylvania,1900,6302115
1908,34,Pennsylvania,1900,6302115
1912,38,Pennsylvania,1910,7665111
1916,38,Pennsylvania,1910,7665111
1920,38,Pennsylvania,1910,7665111
1924,38,Pennsylvania,1920,8720017
1928,38,Pennsylvania,1920,8720017
1932,36,Pennsylvania,1930,9631350
1936,36,Pennsylvania,1930,9631350
1940,36,Pennsylvania,1930,9631350
1944,35,Pennsylvania,1940,9900180
1948,35,Pennsylvania,1940,9900180
1952,32,Pennsylvania,1950,10498012
1956,32,Pennsylvania,1950,10498012
1960,32,Pennsylvania,1950,10498012
1964,29,Pennsylvania,1960,11319366
1968,29,Pennsylvania,1960,11319366
1972,27,Pennsylvania,1970,11793909
1976,27,Pennsylvania,1970,11793909
1980,27,Pennsylvania,1970,11793909
1984,25,Pennsylvania,1980,11863895
1988,25,Pennsylvania,1980,11863895
1992,23,Pennsylvania,1990,11881643
1996,23,Pennsylvania,1990,11881643
2000,23,Pennsylvania,1990,11881643
2004,21,Pennsylvania,2000,12281054
2008,21,Pennsylvania,2000,12281054
2012,20,Pennsylvania,2010,12702379
2016,20,Pennsylvania,2010,12702379
2020,20,Pennsylvania,2010,12702379
1792,4,Rhode Island,1790,68825
1796,4,Rhode Island,1790,68825
1800,4,Rhode Island,1790,68825
1804,4,Rhode Island,1800,69122
1808,4,Rhode Island,1800,69122
1812,4,Rhode Island,1810,76931
1816,4,Rhode Island,1810,76931
1820,4,Rhode Island,1810,76931
1824,4,Rhode Island,1820,83059
1828,4,Rhode Island,1820,83059
1832,4,Rhode Island,1830,97199
1836,4,Rhode Island,1830,97199
1840,4,Rhode Island,1830,97199
1844,4,Rhode Island,1840,108830
1848,4,Rhode Island,1840,108830
1852,4,Rhode Island,1850,147545
1856,4,Rhode Island,1850,147545
1860,4,Rhode Island,1850,147545
1864,4,Rhode Island,1860,174620
1868,4,Rhode Island,1860,174620
1872,4,Rhode Island,1870,217353
1876,4,Rhode Island,1870,217353
1880,4,Rhode Island,1870,217353
1884,4,Rhode Island,1880,276531
1888,4,Rhode Island,1880,276531
1892,4,Rhode Island,1890,345506
1896,4,Rhode Island,1890,345506
1900,4,Rhode Island,1890,345506
1904,4,Rhode Island,1900,428556
1908,4,Rhode Island,1900,428556
1912,5,Rhode Island,1910,542610
1916,5,Rhode Island,1910,542610
1920,5,Rhode Island,1910,542610
1924,5,Rhode Island,1920,604397
1928,5,Rhode Island,1920,604397
1932,4,Rhode Island,1930,687497
1936,4,Rhode Island,1930,687497
1940,4,Rhode Island,1930,687497
1944,4,Rhode Island,1940,713346
1948,4,Rhode Island,1940,713346
1952,4,Rhode Island,1950,791896
1956,4,Rhode Island,1950,791896
1960,4,Rhode Island,1950,791896
1964,4,Rhode Island,1960,859488
1968,4,Rhode Island,1960,859488
1972,4,Rhode Island,1970,946725
1976,4,Rhode Island,1970,946725
1980,4,Rhode Island,1970,946725
1984,4,Rhode Island,1980,947154
1988,4,Rhode Island,1980,947154
1992,4,Rhode Island,1990,1003464
1996,4,Rhode Island,1990,1003464
2000,4,Rhode Island,1990,1003464
2004,4,Rhode Island,2000,1048319
2008,4,Rhode Island,2000,1048319
2012,4,Rhode Island,2010,1052567
2016,4,Rhode Island,2010,1052567
2020,4,Rhode Island,2010,1052567
1792,8,South Carolina,1790,249073
1796,8,South Carolina,1790,249073
1800,8,South Carolina,1790,249073
1804,10,South Carolina,1800,345591
1808,10,South Carolina,1800,345591
1812,11,South Carolina,1810,415115
1816,11,South Carolina,1810,415115
1820,11,South Carolina,1810,415115
1824,11,South Carolina,1820,502741
1828,11,South Carolina,1820,502741
1832,11,South Carolina,1830,581185
1836,11,South Carolina,1830,581185
1840,11,South Carolina,1830,581185
1844,9,South Carolina,1840,594398
1848,9,South Carolina,1840,594398
1852,8,South Carolina,1850,668507
1856,8,South Carolina,1850,668507
1860,8,South Carolina,1850,668507
1864,0,South Carolina,1860,703708
1868,6,South Carolina,1860,703708
1872,7,South Carolina,1870,705606
1876,7,South Carolina,1870,705606
1880,7,South Carolina,1870,705606
1884,9,South Carolina,1880,995577
1888,9,South Carolina,1880,995577
1892,9,South Carolina,1890,1151149
1896,9,South Carolina,1890,1151149
1900,9,South Carolina,1890,1151149
1904,9,South Carolina,1900,1340316
1908,9,South Carolina,1900,1340316
1912,9,South Carolina,1910,1515400
1916,9,South Carolina,1910,1515400
1920,9,South Carolina,1910,1515400
1924,9,South Carolina,1920,1683724
1928,9,South Carolina,1920,1683724
1932,8,South Carolina,1930,1738765
1936,8,South Carolina,1930,1738765
1940,8,South Carolina,1930,1738765
1944,8,South Carolina,1940,1899804
1948,8,South Carolina,1940,1899804
1952,8,South Carolina,1950,2117027
1956,8,South Carolina,1950,2117027
1960,8,South Carolina,1950,2117027
1964,8,South Carolina,1960,2382594
1968,8,South Carolina,1960,2382594
1972,8,South Carolina,1970,2590516
1976,8,South Carolina,1970,2590516
1980,8,South Carolina,1970,2590516
1984,8,South Carolina,1980,3121820
1988,8,South Carolina,1980,3121820
1992,8,South Carolina,1990,3486703
1996,8,South Carolina,1990,3486703
2000,8,South Carolina,1990,3486703
2004,8,South Carolina,2000,4012012
2008,8,South Carolina,2000,4012012
2012,9,South Carolina,2010,4625364
2016,9,South Carolina,2010,4625364
2020,9,South Carolina,2010,4625364
1792,0,South Dakota,1790,0
1796,0,South Dakota,1790,0
1800,0,South Dakota,1790,0
1804,0,South Dakota,1800,0
1808,0,South Dakota,1800,0
1812,0,South Dakota,1810,0
1816,0,South Dakota,1810,0
1820,0,South Dakota,1810,0
1824,0,South Dakota,1820,0
1828,0,South Dakota,1820,0
1832,0,South Dakota,1830,0
1836,0,South Dakota,1830,0
1840,0,South Dakota,1830,0
1844,0,South Dakota,1840,0
1848,0,South Dakota,1840,0
1852,0,South Dakota,1850,0
1856,0,South Dakota,1850,0
1860,0,South Dakota,1850,0
1864,0,South Dakota,1860,4837
1868,0,South Dakota,1860,4837
1872,0,South Dakota,1870,11776
1876,0,South Dakota,1870,11776
1880,0,South Dakota,1870,11776
1884,0,South Dakota,1880,98268
1888,0,South Dakota,1880,98268
1892,4,South Dakota,1890,348600
1896,4,South Dakota,1890,348600
1900,4,South Dakota,1890,348600
1904,4,South Dakota,1900,401570
1908,4,South Dakota,1900,401570
1912,5,South Dakota,1910,583888
1916,5,South Dakota,1910,583888
1920,5,South Dakota,1910,583888
1924,5,South Dakota,1920,636547
1928,5,South Dakota,1920,636547
1932,4,South Dakota,1930,692849
1936,4,South Dakota,1930,692849
1940,4,South Dakota,1930,692849
1944,4,South Dakota,1940,642961
1948,4,South Dakota,1940,642961
1952,4,South Dakota,1950,652740
1956,4,South Dakota,1950,652740
1960,4,South Dakota,1950,652740
1964,4,South Dakota,1960,680514
1968,4,South Dakota,1960,680514
1972,4,South Dakota,1970,665507
1976,4,South Dakota,1970,665507
1980,4,South Dakota,1970,665507
1984,3,South Dakota,1980,690768
1988,3,South Dakota,1980,690768
1992,3,South Dakota,1990,696004
1996,3,South Dakota,1990,696004
2000,3,South Dakota,1990,696004
2004,3,South Dakota,2000,754844
2008,3,South Dakota,2000,754844
2012,3,South Dakota,2010,814180
2016,3,South Dakota,2010,814180
2020,3,South Dakota,2010,814180
1792,0,Tennessee,1790,35691
1796,3,Tennessee,1790,35691
1800,3,Tennessee,1790,35691
1804,5,Tennessee,1800,105602
1808,5,Tennessee,1800,105602
1812,8,Tennessee,1810,261727
1816,8,Tennessee,1810,261727
1820,8,Tennessee,1810,261727
1824,11,Tennessee,1820,422813
1828,11,Tennessee,1820,422813
1832,15,Tennessee,1830,681904
1836,15,Tennessee,1830,681904
1840,15,Tennessee,1830,681904
1844,13,Tennessee,1840,829210
1848,13,Tennessee,1840,829210
1852,12,Tennessee,1850,1002717
1856,12,Tennessee,1850,1002717
1860,12,Tennessee,1850,1002717
1864,0,Tennessee,1860,1109801
1868,10,Tennessee,1860,1109801
1872,12,Tennessee,1870,1258520
1876,12,Tennessee,1870,1258520
1880,12,Tennessee,1870,1258520
1884,12,Tennessee,1880,1542359
1888,12,Tennessee,1880,1542359
1892,12,Tennessee,1890,1767518
1896,12,Tennessee,1890,1767518
1900,12,Tennessee,1890,1767518
1904,12,Tennessee,1900,2020616
1908,12,Tennessee,1900,2020616
1912,12,Tennessee,1910,2184789
1916,12,Tennessee,1910,2184789
1920,12,Tennessee,1910,2184789
1924,12,Tennessee,1920,2337885
1928,12,Tennessee,1920,2337885
1932,11,Tennessee,1930,2616556
1936,11,Tennessee,1930,2616556
1940,11,Tennessee,1930,2616556
1944,12,Tennessee,1940,2915841
1948,12,Tennessee,1940,2915841
1952,11,Tennessee,1950,3291718
1956,11,Tennessee,1950,3291718
1960,11,Tennessee,1950,3291718
1964,11,Tennessee,1960,3567089
1968,11,Tennessee,1960,3567089
1972,10,Tennessee,1970,3923687
1976,10,Tennessee,1970,3923687
1980,10,Tennessee,1970,3923687
1984,11,Tennessee,1980,4591120
1988,11,Tennessee,1980,4591120
1992,11,Tennessee,1990,4877185
1996,11,Tennessee,1990,4877185
2000,11,Tennessee,1990,4877185
2004,11,Tennessee,2000,5689283
2008,11,Tennessee,2000,5689283
2012,11,Tennessee,2010,6346105
2016,11,Tennessee,2010,6346105
2020,11,Tennessee,2010,6346105
1792,0,Texas,1790,0
1796,0,Texas,1790,0
1800,0,Texas,1790,0
1804,0,Texas,1800,0
1808,0,Texas,1800,0
1812,0,Texas,1810,0
1816,0,Texas,1810,0
1820,0,Texas,1810,0
1824,0,Texas,1820,0
1828,0,Texas,1820,0
1832,0,Texas,1830,0
1836,0,Texas,1830,0
1840,0,Texas,1830,0
1844,0,Texas,1840,0
1848,4,Texas,1840,0
1852,4,Texas,1850,212592
1856,4,Texas,1850,212592
1860,4,Texas,1850,212592
1864,0,Texas,1860,604215
1868,0,Texas,1860,604215
1872,8,Texas,1870,818579
1876,8,Texas,1870,818579
1880,8,Texas,1870,818579
1884,13,Texas,1880,1591749
1888,13,Texas,1880,1591749
1892,15,Texas,1890,2235523
1896,15,Texas,1890,2235523
1900,15,Texas,1890,2235523
1904,18,Texas,1900,3048710
1908,18,Texas,1900,3048710
1912,20,Texas,1910,3896542
1916,20,Texas,1910,3896542
1920,20,Texas,1910,3896542
1924,20,Texas,1920,4663228
1928,20,Texas,1920,4663228
1932,23,Texas,1930,5824715
1936,23,Texas,1930,5824715
1940,23,Texas,1930,5824715
1944,23,Texas,1940,6414824
1948,23,Texas,1940,6414824
1952,24,Texas,1950,7711194
1956,24,Texas,1950,7711194
1960,24,Texas,1950,7711194
1964,25,Texas,1960,9579677
1968,25,Texas,1960,9579677
1972,26,Texas,1970,11196730
1976,26,Texas,1970,11196730
1980,26,Texas,1970,11196730
1984,29,Texas,1980,14229191
1988,29,Texas,1980,14229191
1992,32,Texas,1990,16986510
1996,32,Texas,1990,16986510
2000,32,Texas,1990,16986510
2004,34,Texas,2000,20851820
2008,34,Texas,2000,20851820
2012,38,Texas,2010,25145561
2016,38,Texas,2010,25145561
2020,38,Texas,2010,25145561
1792,0,Utah,1790,0
1796,0,Utah,1790,0
1800,0,Utah,1790,0
1804,0,Utah,1800,0
1808,0,Utah,1800,0
1812,0,Utah,1810,0
1816,0,Utah,1810,0
1820,0,Utah,1810,0
1824,0,Utah,1820,0
1828,0,Utah,1820,0
1832,0,Utah,1830,0
1836,0,Utah,1830,0
1840,0,Utah,1830,0
1844,0,Utah,1840,0
1848,0,Utah,1840,0
1852,0,Utah,1850,11380
1856,0,Utah,1850,11380
1860,0,Utah,1850,11380
1864,0,Utah,1860,40273
1868,0,Utah,1860,40273
1872,0,Utah,1870,86336
1876,0,Utah,1870,86336
1880,0,Utah,1870,86336
1884,0,Utah,1880,143963
1888,0,Utah,1880,143963
1892,0,Utah,1890,210779
1896,3,Utah,1890,210779
1900,3,Utah,1890,210779
1904,3,Utah,1900,276749
1908,3,Utah,1900,276749
1912,4,Utah,1910,373351
1916,4,Utah,1910,373351
1920,4,Utah,1910,373351
1924,4,Utah,1920,449396
1928,4,Utah,1920,449396
1932,4,Utah,1930,507847
1936,4,Utah,1930,507847
1940,4,Utah,1930,507847
1944,4,Utah,1940,550310
1948,4,Utah,1940,550310
1952,4,Utah,1950,688862
1956,4,Utah,1950,688862
1960,4,Utah,1950,688862
1964,4,Utah,1960,890627
1968,4,Utah,1960,890627
1972,4,Utah,1970,1059273
1976,4,Utah,1970,1059273
1980,4,Utah,1970,1059273
1984,5,Utah,1980,1461037
1988,5,Utah,1980,1461037
1992,5,Utah,1990,1722850
1996,5,Utah,1990,1722850
2000,5,Utah,1990,1722850
2004,5,Utah,2000,2233169
2008,5,Utah,2000,2233169
2012,6,Utah,2010,2763885
2016,6,Utah,2010,2763885
2020,6,Utah,2010,2763885
1792,4,Vermont,1790,85425
1796,4,Vermont,1790,85425
1800,4,Vermont,1790,85425
1804,6,Vermont,1800,154465
1808,6,Vermont,1800,154465
1812,8,Vermont,1810,217713
1816,8,Vermont,1810,217713
1820,8,Vermont,1810,217713
1824,7,Vermont,1820,235764
1828,7,Vermont,1820,235764
1832,7,Vermont,1830,280652
1836,7,Vermont,1830,280652
1840,7,Vermont,1830,280652
1844,6,Vermont,1840,291948
1848,6,Vermont,1840,291948
1852,5,Vermont,1850,314120
1856,5,Vermont,1850,314120
1860,5,Vermont,1850,314120
1864,5,Vermont,1860,315098
1868,5,Vermont,1860,315098
1872,5,Vermont,1870,330551
1876,5,Vermont,1870,330551
1880,5,Vermont,1870,330551
1884,4,Vermont,1880,332286
1888,4,Vermont,1880,332286
1892,4,Vermont,1890,332422
1896,4,Vermont,1890,332422
1900,4,Vermont,1890,332422
1904,4,Vermont,1900,343641
1908,4,Vermont,1900,343641
1912,4,Vermont,1910,355956
1916,4,Vermont,1910,355956
1920,4,Vermont,1910,355956
1924,4,Vermont,1920,352428
1928,4,Vermont,1920,352428
1932,3,Vermont,1930,359611
1936,3,Vermont,1930,359611
1940,3,Vermont,1930,359611
1944,3,Vermont,1940,359231
1948,3,Vermont,1940,359231
1952,3,Vermont,1950,377747
1956,3,Vermont,1950,377747
1960,3,Vermont,1950,377747
1964,3,Vermont,1960,389881
1968,3,Vermont,1960,389881
1972,3,Vermont,1970,444330
1976,3,Vermont,1970,444330
1980,3,Vermont,1970,444330
1984,3,Vermont,1980,511456
1988,3,Vermont,1980,511456
1992,3,Vermont,1990,562758
1996,3,Vermont,1990,562758
2000,3,Vermont,1990,562758
2004,3,Vermont,2000,608827
2008,3,Vermont,2000,608827
2012,3,Vermont,2010,625741
2016,3,Vermont,2010,625741
2020,3,Vermont,2010,625741
1792,21,Virginia,1790,691937
1796,21,Virginia,1790,691937
1800,21,Virginia,1790,691937
1804,24,Virginia,1800,807557
1808,24,Virginia,1800,807557
1812,25,Virginia,1810,877683
1816,25,Virginia,1810,877683
1820,25,Virginia,1810,877683
1824,24,Virginia,1820,938261
1828,24,Virginia,1820,938261
1832,23,Virginia,1830,1044054
1836,23,Virginia,1830,1044054
1840,23,Virginia,1830,1044054
1844,17,Virginia,1840,1025227
1848,17,Virginia,1840,1025227
1852,15,Virginia,1850,1119348
1856,15,Virginia,1850,1119348
1860,15,Virginia,1850,1119348
1864,0,Virginia,1860,1219630
1868,0,Virginia,1860,1219630
1872,11,Virginia,1870,1225163
1876,11,Virginia,1870,1225163
1880,11,Virginia,1870,1225163
1884,12,Virginia,1880,1512565
1888,12,Virginia,1880,1512565
1892,12,Virginia,1890,1655980
1896,12,Virginia,1890,1655980
1900,12,Virginia,1890,1655980
1904,12,Virginia,1900,1854184
1908,12,Virginia,1900,1854184
1912,12,Virginia,1910,2061612
1916,12,Virginia,1910,2061612
1920,12,Virginia,1910,2061612
1924,12,Virginia,1920,2309187
1928,12,Virginia,1920,2309187
1932,11,Virginia,1930,2421851
1936,11,Virginia,1930,2421851
1940,11,Virginia,1930,2421851
1944,11,Virginia,1940,2677773
1948,11,Virginia,1940,2677773
1952,12,Virginia,1950,3318680
1956,12,Virginia,1950,3318680
1960,12,Virginia,1950,3318680
1964,12,Virginia,1960,3966949
1968,12,Virginia,1960,3966949
1972,12,Virginia,1970,4648494
1976,12,Virginia,1970,4648494
1980,12,Virginia,1970,4648494
1984,12,Virginia,1980,5346818
1988,12,Virginia,1980,5346818
1992,13,Virginia,1990,6187358
1996,13,Virginia,1990,6187358
2000,13,Virginia,1990,6187358
2004,13,Virginia,2000,7078515
2008,13,Virginia,2000,7078515
2012,13,Virginia,2010,8001024
2016,13,Virginia,2010,8001024
2020,13,Virginia,2010,8001024
1792,0,West Virginia,1790,55873
1796,0,West Virginia,1790,55873
1800,0,West Virginia,1790,55873
1804,0,West Virginia,1800,78592
1808,0,West Virginia,1800,78592
1812,0,West Virginia,1810,105469
1816,0,West Virginia,1810,105469
1820,0,West Virginia,1810,105469
1824,0,West Virginia,1820,136808
1828,0,West Virginia,1820,136808
1832,0,West Virginia,1830,176924
1836,0,West Virginia,1830,176924
1840,0,West Virginia,1830,176924
1844,0,West Virginia,1840,224537
1848,0,West Virginia,1840,224537
1852,0,West Virginia,1850,302313
1856,0,West Virginia,1850,302313
1860,0,West Virginia,1850,302313
1864,5,West Virginia,1860,376688
1868,5,West Virginia,1860,376688
1872,5,West Virginia,1870,442014
1876,5,West Virginia,1870,442014
1880,5,West Virginia,1870,442014
1884,6,West Virginia,1880,618457
1888,6,West Virginia,1880,618457
1892,6,West Virginia,1890,762794
1896,6,West Virginia,1890,762794
1900,6,West Virginia,1890,762794
1904,7,West Virginia,1900,958800
1908,7,West Virginia,1900,958800
1912,8,West Virginia,1910,1221119
1916,8,West Virginia,1910,1221119
1920,8,West Virginia,1910,1221119
1924,8,West Virginia,1920,1463701
1928,8,West Virginia,1920,1463701
1932,8,West Virginia,1930,1729205
1936,8,West Virginia,1930,1729205
1940,8,West Virginia,1930,1729205
1944,8,West Virginia,1940,1901974
1948,8,West Virginia,1940,1901974
1952,8,West Virginia,1950,2005552
1956,8,West Virginia,1950,2005552
1960,8,West Virginia,1950,2005552
1964,7,West Virginia,1960,1860421
1968,7,West Virginia,1960,1860421
1972,6,West Virginia,1970,1744237
1976,6,West Virginia,1970,1744237
1980,6,West Virginia,1970,1744237
1984,6,West Virginia,1980,1949644
1988,6,West Virginia,1980,1949644
1992,5,West Virginia,1990,1793477
1996,5,West Virginia,1990,1793477
2000,5,West Virginia,1990,1793477
2004,5,West Virginia,2000,1808344
2008,5,West Virginia,2000,1808344
2012,5,West Virginia,2010,1852994
2016,5,West Virginia,2010,1852994
2020,5,West Virginia,2010,1852994
1792,0,Wisconsin,1790,0
1796,0,Wisconsin,1790,0
1800,0,Wisconsin,1790,0
1804,0,Wisconsin,1800,0
1808,0,Wisconsin,1800,0
1812,0,Wisconsin,1810,0
1816,0,Wisconsin,1810,0
1820,0,Wisconsin,1810,0
1824,0,Wisconsin,1820,1444
1828,0,Wisconsin,1820,1444
1832,0,Wisconsin,1830,3635
1836,0,Wisconsin,1830,3635
1840,0,Wisconsin,1830,3635
1844,0,Wisconsin,1840,30945
1848,4,Wisconsin,1840,30945
1852,5,Wisconsin,1850,305391
1856,5,Wisconsin,1850,305391
1860,5,Wisconsin,1850,305391
1864,8,Wisconsin,1860,775881
1868,8,Wisconsin,1860,775881
1872,10,Wisconsin,1870,1054670
1876,10,Wisconsin,1870,1054670
1880,10,Wisconsin,1870,1054670
1884,11,Wisconsin,1880,1315497
1888,11,Wisconsin,1880,1315497
1892,12,Wisconsin,1890,1693330
1896,12,Wisconsin,1890,1693330
1900,12,Wisconsin,1890,1693330
1904,13,Wisconsin,1900,2069042
1908,13,Wisconsin,1900,2069042
1912,13,Wisconsin,1910,2333860
1916,13,Wisconsin,1910,2333860
1920,13,Wisconsin,1910,2333860
1924,13,Wisconsin,1920,2632067
1928,13,Wisconsin,1920,2632067
1932,12,Wisconsin,1930,2939006
1936,12,Wisconsin,1930,2939006
1940,12,Wisconsin,1930,2939006
1944,12,Wisconsin,1940,3137587
1948,12,Wisconsin,1940,3137587
1952,12,Wisconsin,1950,3434575
1956,12,Wisconsin,1950,3434575
1960,12,Wisconsin,1950,3434575
1964,12,Wisconsin,1960,3951777
1968,12,Wisconsin,1960,3951777
1972,11,Wisconsin,1970,4417731
1976,11,Wisconsin,1970,4417731
1980,11,Wisconsin,1970,4417731
1984,11,Wisconsin,1980,4705767
1988,11,Wisconsin,1980,4705767
1992,11,Wisconsin,1990,4891769
1996,11,Wisconsin,1990,4891769
2000,11,Wisconsin,1990,4891769
2004,10,Wisconsin,2000,5363675
2008,10,Wisconsin,2000,5363675
2012,10,Wisconsin,2010,5686986
2016,10,Wisconsin,2010,5686986
2020,10,Wisconsin,2010,5686986
1792,0,Wyoming,1790,0
1796,0,Wyoming,1790,0
1800,0,Wyoming,1790,0
1804,0,Wyoming,1800,0
1808,0,Wyoming,1800,0
1812,0,Wyoming,1810,0
1816,0,Wyoming,1810,0
1820,0,Wyoming,1810,0
1824,0,Wyoming,1820,0
1828,0,Wyoming,1820,0
1832,0,Wyoming,1830,0
1836,0,Wyoming,1830,0
1840,0,Wyoming,1830,0
1844,0,Wyoming,1840,0
1848,0,Wyoming,1840,0
1852,0,Wyoming,1850,0
1856,0,Wyoming,1850,0
1860,0,Wyoming,1850,0
1864,0,Wyoming,1860,0
1868,0,Wyoming,1860,0
1872,0,Wyoming,1870,9118
1876,0,Wyoming,1870,9118
1880,0,Wyoming,1870,9118
1884,0,Wyoming,1880,20789
1888,0,Wyoming,1880,20789
1892,3,Wyoming,1890,60705
1896,3,Wyoming,1890,60705
1900,3,Wyoming,1890,60705
1904,3,Wyoming,1900,92531
1908,3,Wyoming,1900,92531
1912,3,Wyoming,1910,145965
1916,3,Wyoming,1910,145965
1920,3,Wyoming,1910,145965
1924,3,Wyoming,1920,194402
1928,3,Wyoming,1920,194402
1932,3,Wyoming,1930,225565
1936,3,Wyoming,1930,225565
1940,3,Wyoming,1930,225565
1944,3,Wyoming,1940,250742
1948,3,Wyoming,1940,250742
1952,3,Wyoming,1950,290529
1956,3,Wyoming,1950,290529
1960,3,Wyoming,1950,290529
1964,3,Wyoming,1960,330066
1968,3,Wyoming,1960,330066
1972,3,Wyoming,1970,332416
1976,3,Wyoming,1970,332416
1980,3,Wyoming,1970,332416
1984,3,Wyoming,1980,469557
1988,3,Wyoming,1980,469557
1992,3,Wyoming,1990,453588
1996,3,Wyoming,1990,453588
2000,3,Wyoming,1990,453588
2004,3,Wyoming,2000,493782
2008,3,Wyoming,2000,493782
2012,3,Wyoming,2010,563626
2016,3,Wyoming,2010,563626
2020,3,Wyoming,2010,563626
